# source: PyIRI 0.1.7 sh_library.Apex_geo_qd, coefficients/Apex/Apex.nc
# sha256: 9d6e4ca1fb910ee0a233008fba25e82634fa4f3e982c0424232f4f72fe3e145d
# date: 2026-06-01, height 0 (geodetic)
# subsolar at 00:00 UT: lon 179.44695047566728 lat 22.024782378989077
# subsolar at 12:00 UT: lon -0.5339586550411894 lat 22.09247816830352
# columns: glat glon qdlat qdlon mlt_00UT mlt_12UT
89 -179 84.576084702016686 180.15211395288475 7.3864375281082557 19.052914063481413
89 -173 84.656320860993759 180.35469704808543 7.3999430677883007 19.06641960316146
89 -167 84.737908111018768 180.4485913483384 7.4062026878051652 19.072679223178323
89 -161 84.81992537735357 180.4273907068615 7.4047893117067058 19.071265847079864
89 -155 84.90141240368132 180.28535898351024 7.3953205301499549 19.061797065523116
89 -149 84.981382478584379 180.017708178509 7.3774771431498722 19.043953678523032
89 -143 85.058836999774243 179.6209322446098 7.3510254142232592 19.017501949596415
89 -137 85.132781592400065 179.09319076106027 7.3158426486532901 18.982319184026448
89 -131 85.20224340110947 178.43472780071542 7.2719451179636341 18.938421653336793
89 -125 85.266289088744813 177.64830013234422 7.2195166067388872 18.885993142112046
89 -119 85.324043003964604 176.73957644471776 7.1589350275637891 18.825411562936946
89 -113 85.374704931656268 175.71745771939459 7.0907937792089113 18.757270314582069
89 -107 85.417566818731103 174.59426147184539 7.0159140293722979 18.682390564745454
89 -101 85.452027877193316 173.3857131873267 6.9353441437377192 18.601820679110876
89 -95 85.477607507708115 172.11070024850042 6.8503432811493008 18.516819816522457
89 -89 85.493955559337948 170.79076823848757 6.7623478138151105 18.428824349188268
89 -83 85.500859541414982 169.4493743876134 6.6729215570901657 18.339398092463323
89 -77 85.498248526094628 168.11095174767297 6.5836933810941369 18.250169916467296
89 -71 85.486193617644943 166.79987124311376 6.4962880141235226 18.162764549496682
89 -65 85.464905008353441 165.53940795805781 6.4122571284531258 18.078733663826288
89 -59 85.434725782015917 164.3508172784276 6.3330177498111118 17.999494285184269
89 -53 85.396122755593353 163.2526060353976 6.2598036669424459 17.926280202315603
89 -47 85.349674760130881 162.26004952429003 6.1936332328686072 17.860109768241767
89 -41 85.296058847528997 161.38496642823048 6.135294359797971 17.801770895171128
89 -35 85.236034966433905 160.63572932397028 6.0853452195139575 17.751821754887114
89 -29 85.170429676886684 160.0174646941833 6.0441275775281591 17.710604112901319
89 -23 85.100119470178115 159.53238525641333 6.0117889483434945 17.678265483716654
89 -17 85.026014230272125 159.18019749345618 5.9883097641463507 17.654786299519508
89 -11 84.949041320397754 158.95853510012907 5.9735322712578771 17.640008806631037
89 -5 84.870130708110267 158.86338079777451 5.9671886511009067 17.633665186474065
89 1 84.790201459955114 158.88945141903716 5.9689266925184166 17.635403227891576
89 7 84.710149848362448 159.03053224694844 5.9783320810458349 17.644808616418992
89 13 84.630839223759423 159.27975529742011 5.9949469510772797 17.661423486450438
89 19 84.553091718474192 159.62982236040065 6.0182847552759826 17.684761290649142
89 25 84.477681769435009 160.07317743838988 6.0478417604752641 17.714318295848422
89 31 84.405331376522767 160.60213522698112 6.0831056130480139 17.749582148421169
89 37 84.336706954493522 161.20897298640011 6.1235614636759461 17.790037999049105
89 43 84.272417589596159 161.88599300699917 6.1686961317158842 17.835172667089044
89 49 84.213014477692766 162.62556222687343 6.2180007463741678 17.884477281747323
89 55 84.158991298617636 163.42013466743228 6.2709722424114238 17.937448777784585
89 61 84.110785271129856 164.2622613797119 6.3271140232300658 17.993590558603223
89 67 84.068778633253217 165.14459164348588 6.3859360408149977 18.052412576188157
89 73 84.033300303043632 166.05986829124976 6.4469544839992556 18.113431019372413
89 79 84.004627493785108 167.00091926923258 6.5096912158647777 18.176167751237934
89 85 83.982987084082538 167.96064690918533 6.5736730585282945 18.240149593901453
89 91 83.96855657617877 168.9320158691398 6.6384309891919262 18.304907524565085
89 97 83.961464513834713 169.90804030477443 6.703499284900901 18.36997582027406
89 103 83.961790273147855 170.88177054952766 6.7684146345511165 18.434891169924278
89 109 83.969563184567235 171.84627940494997 6.8327152249126035 18.499191760285765
89 115 83.984760990905784 172.79464806761865 6.8959398024238494 18.562416337797007
89 121 84.007307693196807 173.71995174137896 6.95762671400787 18.624103249381029
89 127 84.037070882520183 174.61524510177043 7.0173129380339674 18.683789473407124
89 133 84.07385870021065 175.47354799344077 7.0745331308119903 18.74100966618515
89 139 84.117416609765201 176.287832053491 7.1288187348153391 18.795295270188497
89 145 84.167424199903678 177.0510093682131 7.1796972224634787 18.846173757836638
89 151 84.223492268086929 177.75592479269008 7.2266915840952777 18.893168119468434
89 157 84.285160455802028 178.395354196461 7.2693202110133388 18.935796746386494
89 163 84.351895719471386 178.96201164400722 7.3070973741830869 18.973573909556247
89 169 84.423091922364378 179.44856936679156 7.3395345557020431 19.006011091075202
89 175 84.498070821900271 179.84769530679011 7.3661429517019466 19.032619487075106
83 -179 80.344637280054798 220.11166063207497 10.050407306720937 21.716883842094095
83 -173 80.769364400288566 223.19254305320607 10.255799468129677 21.922276003502834
83 -167 81.236904790993663 226.26728217631478 10.460782076336924 22.127258611710083
83 -161 81.743631730627044 229.35585432658891 10.666686886355199 22.333163421728354
83 -155 82.284088095360076 232.48123467214111 10.87504557605868 22.541522111431838
83 -149 82.850835987240785 235.67068706769351 11.087675735762172 22.754152271135332
83 -143 83.43439265553107 238.95812515142501 11.306838274677606 22.973314810050763
83 -137 84.023289259247676 242.38828895011301 11.535515861256807 23.201992396629965
83 -131 84.604285904446598 246.02418639645862 11.777909024346513 23.44438555971967
83 -125 85.162765993042044 249.96084630134732 12.04035301800576 23.706829553378917
83 -119 85.68331485437713 254.35230856246181 12.333117168746726 23.999593704119885
83 -113 86.150463210894259 259.46906259499934 12.674234104249228 0.34071063962238668
83 -107 86.549548493338577 265.8334431033793 13.098526138141226 0.76500267351438467
83 -101 86.867621250689993 274.58043601999066 13.681658999248649 1.3481355346218074
83 -95 87.094305561271469 288.53847417986617 14.612194876573684 2.2786714119468421
83 -89 87.222516566991743 315.04356892373261 16.379201192831445 4.0456777282046055
83 -83 87.24894812481439 359.65869251942843 19.353542765877833 7.0200193012509935
83 -77 87.174269006868755 35.284560322465644 21.728600619413648 9.3950771547868062
83 -71 87.003003373411474 53.700258610223194 22.956313838597485 10.622790373970643
83 -65 86.743113646597479 64.38464543902856 23.668606293851177 11.335082829224335
83 -59 86.405343178676361 71.765352817193445 0.16065345239550197 11.827129987768661
83 -53 86.002404555782462 77.531091659802883 0.54503604190279775 12.211512577275956
83 -47 85.54811188607512 82.410915017311865 0.87035759907006427 12.536834134443222
83 -41 85.056550695651936 86.76158838410386 1.1604024901895287 12.826879025562686
83 -35 84.541359785075059 90.775554097405021 1.4280002044096061 13.094476739782765
83 -29 84.015171266448363 94.564716731739054 1.6806110466985424 13.347087582071701
83 -23 83.489224929909568 98.198389553853445 1.9228559015061686 13.589332436879326
83 -17 82.973147324775553 101.72227895140338 2.1577818613428312 13.824258396715988
83 -11 82.474868573112389 105.16877843342016 2.3875484934772828 14.054025028850441
83 -5 82.000642249671415 108.56285830367403 2.6138204848275413 14.280297020200699
83 1 81.555134404246914 111.92547639100457 2.8379950239829101 14.504471559356068
83 7 81.141554085384868 115.27544653137704 3.0613263666744084 14.727802902047566
83 13 80.761806204571499 118.63027657921629 3.2849817031970248 14.951458238570183
83 19 80.416655466510946 122.00630544633583 3.5100502943383276 15.176526829711486
83 25 80.105895729383789 125.41838954185795 3.7375225673731354 15.403999102746294
83 31 79.828522120891378 128.87934860849617 3.9682531718156837 15.634729707188843
83 37 79.582904023377239 132.39934923210146 4.2029198800560357 15.869396415429195
83 43 79.366956606501745 135.9853684794343 4.4419878298782258 16.108464365251383
83 49 79.178307871149642 139.64083717262355 4.6856857427575092 16.352162278130667
83 55 79.014457802912219 143.36551513589936 4.933997606975896 16.600474142349054
83 61 78.872926433908091 147.15560547999732 5.1866702965824265 16.853146831955584
83 67 78.751388250717014 151.00407837770499 5.4432351564296049 17.109711691802765
83 73 78.647791157545115 154.90115176509019 5.7030400489219515 17.369516584295109
83 79 78.560458799347785 158.8348684593727 5.9652878285407853 17.631764363913945
83 85 78.488175289361848 162.79171409497212 6.2290775375807472 17.895554072953907
83 91 78.430251270204209 166.75723323496501 6.4934454802469395 18.159922015620101
83 97 78.386569927334435 170.7166164841336 6.7574043635248451 18.423880898898005
83 103 78.357611312482149 174.65524491274985 7.0199795920992623 18.686456127472418
83 109 78.344453355742971 178.55918713097509 7.2802424066476119 18.94671894202077
83 115 78.348748385994782 182.41564856215723 7.5373398353930874 19.203816370766244
83 121 78.372674832635994 186.21337294328208 7.7905214608014113 19.456997996174568
83 127 78.418864891837387 189.94299450415727 8.0391628981930907 19.705639433566247
83 133 78.490310045842762 193.59733715559869 8.2827857416225186 19.949262276995675
83 139 78.590247130105055 197.17165533621377 8.5210736203301902 20.187550155703352
83 145 78.72202790877067 200.66381040666761 8.7538839583604453 20.420360493733604
83 151 78.88897473163712 204.07437688741385 8.9812550570768614 20.647731592450022
83 157 79.094223871450879 207.40667475427017 9.203408248200617 20.869884783573774
83 163 79.340556839066963 210.66672807010752 9.4207451359231076 21.087221671296266
83 169 79.630218776498211 213.86315732732635 9.6338404197376963 21.300316955110855
83 175 79.964722479854785 217.0070239033694 9.843431524807233 21.50990806018039
77 -179 73.900532558377236 235.01102412901582 11.043698206516995 22.710174741890153
77 -173 74.363469012511857 239.00796888994259 11.310161190578778 22.976637725951939
77 -167 74.904038430854598 243.07095503017439 11.581026933260897 23.247503468634058
77 -161 75.522409878358062 247.256990024846 11.860095932905672 23.526572468278832
77 -155 76.216533285744262 251.63088742966306 12.15168909322681 23.818165628599967
77 -149 76.98130595149992 256.26525127962975 12.460646683224589 0.12712321859774889
77 -143 77.807572042413653 261.24139442162533 12.792389559357627 0.45886609473078721
77 -137 78.681099252051496 266.6517253640107 13.153078288849986 0.81955482422314319
77 -131 79.581762939901751 272.60365604622802 13.549873667664475 1.2163502030376314
77 -125 80.483230793354821 279.22408303574849 13.991235466965838 1.6577120023389966
77 -119 81.353448085555058 286.66163536054341 14.487072288618833 2.15354882399199
77 -113 82.156146836437529 295.08056019636479 15.048333944340259 2.7148104797134174
77 -107 82.853431619042368 304.63517779645588 15.685308451012997 3.3517849863861571
77 -101 83.409250898519801 315.41060045117536 16.40366996132763 4.0701464967007865
77 -95 83.793300466975168 327.32650025262296 17.198063281424137 4.8645398167972935
77 -89 83.984703559439595 340.04450179822476 18.045930051130924 5.7124065865040805
77 -83 83.974748908046081 352.97600758623315 18.90803043699815 6.5745069723713065
77 -77 83.768089805140576 5.4530392980634641 19.73983255112017 7.4063090864933274
77 -71 83.382103934234323 16.963472280502007 20.507194749949406 8.1736712853225644
77 -65 82.844512822090564 27.273320813577623 21.194517985487778 8.86099452086094
77 -59 82.189746650407571 36.390655414051849 21.802340292186063 9.4688168275592197
77 -53 81.454797920830515 44.460177145183245 22.340308407594822 10.006784942967981
77 -47 80.675360467939257 51.671906816464343 22.821090385680229 10.487566921053388
77 -41 79.882892528935344 58.208045230669178 23.256832946627217 10.923309482000375
77 -35 79.102937954616493 64.219847840924601 23.657619787310914 11.324096322684072
77 -29 78.354694866448327 69.822056936157139 0.031100393659748229 11.697576929032907
77 -23 77.651543491434921 75.096774855738488 0.38274825496517145 12.04922479033833
77 -17 77.002104377177844 80.102223654746012 0.71644484156567312 12.382921376938832
77 -11 76.411407925824292 84.883233489234115 1.0351788305315457 12.701655365904704
77 -5 75.881877995137103 89.480740785821084 1.3416793169706769 13.008155852343835
77 1 75.414000134212145 93.938205493909706 1.6388436308432537 13.305320166216411
77 7 75.006694110386476 98.303967519329788 1.9298944325379239 13.596370967911081
77 13 74.657499540798767 102.62980381593381 2.2182835189781942 13.884760054351352
77 19 74.362703169389945 106.96688174955777 2.5074220478864579 14.173898583259616
77 25 74.117503271605329 111.36073673923751 2.8003457138651053 14.466822249238264
77 31 73.916250111817376 115.84685346401579 3.0994201621836583 14.765896697556817
77 37 73.752749204596896 120.44800155157864 3.4061633680211818 15.072639903394339
77 43 73.620583651329952 125.17380915537946 3.7212172082745694 15.387693743647727
77 49 73.513407309493573 130.02234948502399 4.0444532302508716 15.71092976562403
77 55 73.425176088691998 134.98299088902675 4.3751626571843891 16.041639192557547
77 61 73.350309426415635 140.03957428039305 4.712268216608809 16.378744751981966
77 67 73.283797216044363 145.17313582313804 5.054505652791808 16.720982188164967
77 73 73.221281623077502 150.36375283675611 5.4005467870330124 17.067023322406172
77 79 73.159145195849575 155.59147430485473 5.7490615515729209 17.415538086946079
77 85 73.094627338828687 160.83656898283664 6.0987345301050482 17.765211065478205
77 91 73.025974353170056 166.07943621345999 6.4482590121466048 18.114735547519764
77 97 72.952609177959332 171.30050057117165 6.7963299693273829 18.462806504700541
77 103 72.875291179796633 176.48030648241871 7.1416503634105197 18.808126898783676
77 109 72.796228258615486 181.59989818169225 7.4829564766954224 19.149433012068581
77 115 72.719105499084804 186.64145459669092 7.819060237695334 19.485536773068489
77 121 72.649006281048443 191.58907218240509 8.1489014100762791 19.815377945449434
77 127 72.592220282867956 196.42956087159351 8.4716006560221722 20.138077191395329
77 133 72.555953512212753 201.15313655924999 8.7865057018659378 20.452982237239098
77 139 72.547973263286366 205.75394579256255 9.0932263174201093 20.759702852793268
77 145 72.576231544190691 210.23042641736259 9.3916583590734444 21.058134894446603
77 151 72.648511792343413 214.5855714656592 9.6820013622932191 21.348477897666378
77 157 72.772135579321372 218.82720352876385 9.9647768331668622 21.631253368540019
77 163 72.9537503069932 222.96836846249738 10.240854495415764 21.907331030788921
77 169 73.199198441732563 227.02791313901446 10.51149080718357 22.177967342556727
77 175 73.513446686491022 231.03122694447364 10.778378394214181 22.44485492958734
71 -179 67.625526096688617 240.66286003066267 11.420487266626784 23.086963801999943
71 -173 68.121963866238644 245.07023705757786 11.714312401754462 23.380788937127623
71 -167 68.700232731694314 249.51996779488968 12.010961117575251 23.677437652948409
71 -161 69.356461387202003 254.05493923107889 12.313292546654532 23.979769082027691
71 -155 70.086098198539048 258.73148667355622 12.62506237615302 0.29153891152617817
71 -149 70.883754161644035 263.62127477131816 12.95104824933715 0.61752478471030869
71 -143 71.74247048748272 268.81010773947759 13.296970447214445 0.96344698258760175
71 -137 72.652313304293543 274.39334802407609 13.669186466187679 1.3356630015608353
71 -131 73.598387175754212 280.46923639561521 14.074245690956953 1.7407222263301101
71 -125 74.558649304833054 287.13224941242265 14.518446558744115 2.1849230941172735
71 -119 75.502223697643416 294.46738999760436 15.007455931089563 2.6739324664627198
71 -113 76.389118861084654 302.54319843911054 15.545843160523308 3.2123196958964648
71 -107 77.172179965238755 311.39838391855494 16.136188859152934 3.8026653945260946
71 -101 77.801652876838048 321.01736032352954 16.777453952817908 4.443930488191068
71 -95 78.231948428219653 331.29665456725343 17.462740235732834 5.1292167711059911
71 -89 78.429304427641952 342.01765419727167 18.177473544400716 5.8439500797738759
71 -83 78.378413831928881 352.85285368904044 18.899820177185301 6.5662967125584615
71 -77 78.086058808590309 3.4235716138078969 19.604534705503131 7.2710112408762901
71 -71 77.580491186722014 13.391175249298419 20.269041614535833 7.9355181499089911
71 -65 76.906540986471057 22.53409958060282 20.87856990328946 8.5450464386626184
71 -59 76.117757332930196 30.775328517318517 21.427985165737173 9.0944617011103315
71 -53 75.267761350036935 38.162546207509962 21.92046634508327 9.5869428804564283
71 -47 74.403072437142185 44.824258063226019 22.364580468797673 10.031057004170831
71 -41 73.558959866028687 50.921848961609605 22.771086528689914 10.437563064063072
71 -35 72.758709427876241 56.608489397810267 23.150195891103291 10.816672426476449
71 -29 72.015577264179072 62.002102978857081 23.509770129839744 11.176246665212902
71 -23 71.336047117234401 67.177542477362252 23.854799429740087 11.521275965113245
71 -17 70.722976664792526 72.177049794406869 0.18809991754306263 11.854576452916222
71 -11 70.177693294990164 77.030236875117922 0.5116457229237994 12.178122258296957
71 -5 69.700780582963901 81.771878806858254 0.82775518503982159 12.49423172041298
71 1 69.291871012035841 86.449763910921448 1.1396141919773679 12.806090727350526
71 7 68.949037186723615 91.121578188407199 1.4510684771430855 13.117545012516244
71 13 68.66833336112083 95.844791572457083 1.7659493694130788 13.432425904786237
71 19 68.443794712396098 100.66533072105734 2.0873186459864277 13.753795181359585
71 25 68.267913235320023 105.610019560298 2.4169645686024714 14.083441103975629
71 31 68.132402193792771 110.68528002074797 2.7553152659658036 14.421791801338962
71 37 68.028987329043417 115.88156210059569 3.1017340712889849 14.768210606662143
71 43 67.950005357099315 121.18077102568706 3.4550146662950776 15.121491201668237
71 49 67.888695515367729 126.56345742649302 3.8138604263488065 15.480336961721965
71 55 67.839183746451212 132.01354620157574 4.1771996780209877 15.843676213394145
71 61 67.796246538448216 137.51994531691886 4.5442929523771962 16.210769487750355
71 67 67.754989587471229 143.07559523851438 4.9146696138168977 16.581146149190054
71 73 67.710586623201507 148.67505195870052 5.2879667284959737 16.95444326386913
71 79 67.658202147201209 154.31168396471645 5.6637421955637022 17.33021873093686
71 85 67.593174803266805 159.97529952788344 6.0413165664415009 17.707793101814659
71 91 67.511472606864345 165.65071660484773 6.419677704905788 18.086154240278947
71 97 67.410357847722821 171.3175225119667 6.7974647653803855 18.463941300753543
71 103 67.289133692490424 176.95104307352344 7.1730328028175014 18.839509338190663
71 109 67.149804444482712 182.52433466655947 7.5445855756865701 19.211062111059729
71 115 66.997481596320441 188.01083335606293 7.9103521549868008 19.576828690359957
71 121 66.840412315015669 193.38717478222287 8.2687749167307967 19.935251452103955
71 127 66.6895857395088 198.63567345864041 8.618674828491967 20.285151363865126
71 133 66.557963434181133 203.74603631845901 8.9593656858132054 20.625842221186364
71 139 66.459457417304904 208.71606324780123 9.2907008144360201 20.957177349809179
71 145 66.40782199155413 213.55130893099687 9.6130505266490633 21.279527062022222
71 151 66.415626539660451 218.26388983019444 9.927222586595569 21.593699121968726
71 157 66.493441804063949 222.87077555910295 10.234348301856135 21.900824837229298
71 163 66.649317543883086 227.39198838039721 10.535762489942419 22.202239025315578
71 169 66.888572406994854 231.84915398091613 10.832906863310347 22.499383398683506
71 175 67.213870291897081 236.2648167331642 11.127284380126886 22.793760915500044
65 -179 61.098588880392789 243.53720333098639 11.612110153315031 23.278586688688186
65 -173 61.693133467396045 248.19273161423843 11.922478705531834 23.588955240904991
65 -167 62.389672111955115 252.93284027696393 12.238485949713533 23.904962485086692
65 -161 63.177685108725825 257.78398759339581 12.561895770808993 0.22837230618215187
65 -155 64.044482737221571 262.7752504698181 12.894646629237146 0.56112316461030431
65 -149 64.975647906305468 267.94318711636538 13.239175739006964 0.90565227438012386
65 -143 65.955450812499592 273.33712257391988 13.598771436177264 1.2652479715504228
65 -137 66.966985272007463 279.02294826021694 13.977826481930402 1.6443030173035602
65 -131 67.99166247972002 285.08267011015732 14.381807938593093 2.0482844739662518
65 -125 69.007804757946701 291.60726162117072 14.816780705993986 2.483257241367145
65 -119 69.9885047709151 298.68270844773991 15.2884771610986 2.9549536964717582
65 -113 70.899570826934394 306.37241871336477 15.801124512140257 3.4676010475134156
65 -107 71.698952128882709 314.70033707237491 16.356319069407601 4.0227956047807574
65 -101 72.339086830125453 323.63662587314809 16.952071656125813 4.6185481914989701
65 -95 72.772831627068669 333.0851365584312 17.58197236847802 5.2484489038511768
65 -89 72.962129864615747 342.87432413913376 18.234584873858189 5.9010614092313496
65 -83 72.886991102786013 352.76023769812082 18.89364577779066 6.56012231316382
65 -77 72.551583869863265 2.4531862405667546 19.539842347287056 7.2063188826602138
65 -71 71.984903919471591 11.6701275799422 20.15430510324542 7.8207816386185778
65 -65 71.235443275856653 20.196870028706911 20.722754599829734 8.3892311352028912
65 -59 70.361639688707825 27.933931881299419 21.238558723335899 8.9050352587090593
65 -53 69.421438802255977 34.906572999797447 21.703401464569101 9.3698779999422594
65 -47 68.464295747656649 41.235999084996294 22.12536320358236 9.7918397389555185
65 -41 67.527497801188787 47.085175667916431 22.515308309110367 10.181784844483525
65 -35 66.636669613808536 52.603921815809606 22.883224718969913 10.54970125434307
65 -29 65.808770224337209 57.897259097194862 23.236113871062265 10.902590406435422
65 -23 65.055436105216316 63.025424722705147 23.577991579429614 11.244468114802773
65 -17 64.385127073936019 68.024726499817731 23.911278364570457 11.577754899943614
65 -11 63.803644274842618 72.930470609449031 0.23832797187920771 11.904804507252367
65 -5 63.313551457058637 77.788616690050176 0.56220437725261641 12.228680912625775
65 1 62.913430102208522 82.653214351680944 0.88651088802800282 12.552987423401161
65 7 62.597713494724196 87.574805360427689 1.2146169552777848 12.881093490650944
65 13 62.35734700794761 92.588344478244437 1.5488528964655681 13.215329431838727
65 19 62.181055662199064 97.707688258483074 1.8901424818148105 13.556619017187968
65 25 62.056782441276759 102.9287559726283 2.2382136627578251 13.904690198130984
65 31 61.972908988065576 108.23831508138345 2.5921842700081696 14.258660805381329
65 37 61.919058844436385 113.62316418133385 2.951174210004861 14.61765074537802
65 43 61.886462804268156 119.075833443937 3.3146854941784056 14.981162029551564
65 49 61.867955340883391 124.59580728550063 3.6826837502826475 15.349160285655806
65 55 61.857679937136083 130.18747797867289 4.0554617964941313 15.721938331867289
65 61 61.850569498591298 135.85672848278119 4.4334118301013516 16.099888365474509
65 67 61.841688200177281 141.6076073894335 4.8168037572115052 16.483280292584663
65 73 61.825581450853605 147.4397508700396 5.2056133225852461 16.872089857958404
65 79 61.795845674734181 153.34658535780449 5.599402288436238 17.265878823809395
65 85 61.745146227078813 159.31413564552946 5.9972389742845698 17.663715509657727
65 91 61.665841661971065 165.32040556355881 6.3976569688198595 18.064133504193016
65 97 61.551214903040069 171.33556187638737 6.7986673896750975 18.465143925048256
65 103 61.397109031098715 177.32328352880626 7.1978488331696893 18.864325368542847
65 109 61.203590139211826 183.24349552367883 7.5925296328278611 19.259006168201019
65 115 60.976186554328294 189.05632204611484 7.9800514009902619 19.64652793636342
65 121 60.726324551320687 194.72664584991711 8.358072987910413 20.024549523283568
65 127 60.470780829643246 200.22837309421612 8.7248548041970135 20.391331339570172
65 133 60.230232389921895 205.54751924211524 9.0794645473902893 20.745941082763448
65 139 60.027211742825621 210.68354527202283 9.4218662827174615 21.088342818090617
65 145 59.883894719186848 215.64884168612556 9.752886043657643 21.419362579030803
65 151 59.820133644631696 220.46668969317517 10.074075910794283 21.740552446167442
65 157 59.852026287676779 225.16828379356372 10.387515517486854 22.053992052860011
65 163 59.991137282855121 229.78944192529087 10.695592726268664 22.362069261641821
65 169 60.244322483576298 234.3675192410326 11.000797880651445 22.667274416024604
65 175 60.613990341144088 238.93888457507578 11.305555569587657 22.972032104960817
59 -179 54.494234330680591 245.7162786854461 11.757381843612345 23.423858378985507
59 -173 55.125746273286218 250.44475777546944 12.072613782947235 23.739090318320393
59 -167 55.871818524958961 255.27754569092045 12.394799643977302 0.061276179350457483
59 -161 56.723337387262141 260.25048737998884 12.726329089915195 0.39280562528835361
59 -155 57.669341119198648 265.39632386380453 13.069384855502907 0.73586139087606384
59 -149 58.696088235660156 270.74545676623433 13.425993715664895 1.0924702510380513
59 -143 59.786229929775189 276.32871381692814 13.798210852377816 1.4646873877509741
59 -137 60.91839435803908 282.1819378783411 14.188425789805345 1.8549023251785037
59 -131 62.067157866570639 288.3507325479427 14.599678767778785 2.2661553031519439
59 -125 63.203023360340836 294.89217253696205 15.035774767046743 2.7022513024198993
59 -119 64.291943843137531 301.86960266662265 15.500936775690782 3.1674133110639424
59 -113 65.294357469216351 309.33801530656348 15.998830951686838 3.6653074870599944
59 -107 66.164563070737117 317.3216290806086 16.531071869956513 4.1975484053296697
59 -101 66.852034769194248 325.79066506677304 17.095674269034141 4.7621508044073018
59 -95 67.306184736234783 334.64703290754107 17.686098791752009 5.3525753271251695
59 -89 67.484706631776703 343.72611918780802 18.291371210436473 5.9578477458096337
59 -83 67.363445736372995 352.81617892047103 18.897375192614007 6.5638517279871671
59 -77 66.944091721205737 1.6917922731872592 19.489082749461755 7.1555592848349141
59 -71 66.256217958032977 10.154163702216415 20.053240844730368 7.7197173801035239
59 -65 65.352492732825183 18.067587821350696 20.58080245267265 8.2472789880458102
59 -59 64.298950523039068 25.379744723191028 21.068279579462008 8.7347561148351662
59 -53 63.16412358291673 32.117415033954778 21.51745760017959 9.1839341355527502
59 -47 62.010545404237774 38.359718576099844 21.933611169655929 9.6000877050290878
59 -41 60.890177858806609 44.202676193615808 22.323141677490327 9.9896182128634852
59 -35 59.843192994177819 49.732694508921277 22.691809565177358 10.358286100550515
59 -29 58.898503974730751 55.018649320873692 23.044206552640851 10.71068308801401
59 -23 58.074695925799965 60.119138565309363 23.384239168936563 11.05071570430972
59 -17 57.38089661095357 65.093318950167429 23.715851194593768 11.382327729966926
59 -11 56.817826096200491 70.004739440633372 0.043279227291498044 11.709755762664656
59 -5 56.379365269702753 74.915036094493345 0.37063233754882957 12.037108872921987
59 1 56.05461296504027 79.87268417271963 0.70114220943058092 12.367618744803739
59 7 55.82997972062104 84.905683751203071 1.0366755146628104 12.703152050035969
59 13 55.690756004644811 90.023593296880279 1.3778694843746242 13.044346019747783
59 19 55.62187480553537 95.226974862385845 1.7247615887416619 13.391238124114819
59 25 55.608055087555314 100.51748511151752 2.0774622720171068 13.743938807390265
59 31 55.633842797083524 105.90272730888226 2.4364784185080905 14.102954953881248
59 37 55.684047774704247 111.39442511237118 2.802591605407351 14.469068140780509
59 43 55.744730271478225 117.00259820856792 3.1764698118204668 14.842946347193624
59 49 55.804441152895052 122.73001225840703 3.5582974151430742 15.224773950516234
59 55 55.855134601896268 128.57013234022824 3.9476387539311548 15.614115289304314
59 61 55.892209731599948 134.50924730103279 4.3435797513181251 16.010056286691285
59 67 55.913474050632942 140.53096633454311 4.7450276868854795 16.411504222258639
59 73 55.917289777333018 146.62024218989779 5.1509794105757916 16.81745594594895
59 79 55.900554657148263 152.76474520675609 5.5606129450330117 17.227089480406168
59 85 55.8573253636524 158.95306454235526 5.9731675674062901 17.639644102779449
59 91 55.778753187607101 165.17080959258382 6.3876839040881936 18.054160439461352
59 97 55.65460535985823 171.39656488197213 6.8027342567140803 18.469210792087242
59 103 55.476109535948126 177.5996628231496 7.2162741194592455 18.882750654832407
59 109 55.239360262930958 183.7410299777666 7.6256985964337121 19.292175131806871
59 115 54.948253320093166 189.77722605234848 8.0281116680725049 19.694588203445665
59 121 54.615992757227602 195.66663018961762 8.4207386105571143 20.087215145930273
59 127 54.264637292532441 201.3759763718717 8.8013616893740529 20.467838224747211
59 133 53.922758471474218 206.88539983169085 9.1686565866953291 20.835133122068488
59 139 53.621834104124055 212.19080981307849 9.5223505854545056 21.188827120827664
59 145 53.392298818672053 217.30340569209315 9.8631903107221497 21.52966684609531
59 151 53.260151796711469 222.24703639382577 10.192765690837657 21.859242226210814
59 157 53.244748882338676 227.0545414330939 10.513266026788866 22.179742562162023
59 163 53.358020147741222 231.7641562984173 10.827240351143759 22.493716886516918
59 169 53.604982766907682 236.41668411523429 11.137408872264892 22.803885407638049
59 175 53.985142710918616 241.05365485886574 11.446540255173655 23.113016790546812
53 -179 48.257610771846032 246.95321048150569 11.839843963349653 23.506320498722811
53 -173 48.949205304089823 251.82693497212887 12.164758929391196 23.831235464764355
53 -167 49.74319376577408 256.7772029545294 12.494776794884565 0.16125333025772548
53 -161 50.627782612427055 261.8350363699783 12.831965689247825 0.49844222462098386
53 -155 51.592618218180846 267.03654433304166 13.178732886785383 0.84520942215853978
53 -149 52.627685952832515 272.42126456180284 13.537714235369462 1.2041907707426205
53 -143 53.721803843856051 278.02862307171813 13.911538136030481 1.5780146714036398
53 -137 54.861015045861215 283.89526241098531 14.30264742531496 1.969123960688119
53 -131 56.027007582770587 290.0559877894222 14.713362450544086 2.3798389859172424
53 -125 57.19548531610733 296.54834025158902 15.146185948021873 2.8126624833950338
53 -119 58.334326710790059 303.41670911798553 15.604077205781641 3.2705537411547994
53 -113 59.401629178016982 310.70936686993491 16.090254389244933 3.7567309246180898
53 -107 60.344480776938688 318.46324693723886 16.607179727065198 4.2736562624383545
53 -101 61.100234914095168 326.67733580165583 17.15478565135966 4.8212621867328203
53 -95 61.602322854513545 335.28437538957616 17.728588290554349 5.3950648259275091
53 -89 61.79128088482237 344.13703255666701 18.318765435027071 5.9852419704002315
53 -83 61.628750879404443 353.02211273888014 18.911104113841283 6.5775806492144397
53 -77 61.109434867871123 1.7028026804357175 19.489816776611654 7.156293311984812
53 -71 60.265714465646347 9.9723017312854552 20.041116713334969 7.7075932487081271
53 -65 59.162710585591448 17.695396348846007 20.555989687839006 8.2224662232121641
53 -59 57.886042774752141 24.822550437858347 21.031133293773163 8.6976098291463213
53 -53 56.527292439139785 31.376833073720444 21.4680854694973 9.1345620048704586
53 -47 55.171650222437968 37.426679245451027 21.871408547612674 9.5378850829858326
53 -41 53.88969477733329 43.060513380916831 22.246997489977062 9.9134740253502187
53 -35 52.733102031213505 48.372454085507563 22.60112687028311 10.267603405656269
53 -29 51.733489148357215 53.457523934584671 22.940131526888251 10.60660806226141
53 -23 50.903933011781923 58.408292081961271 23.270182736713355 10.936659272086514
53 -17 50.242817730869554 63.307058076148763 23.596767136325855 11.263243671699014
53 -11 49.739163519480577 68.215536206580538 23.923999011687975 11.590475547061134
53 -5 49.377950460497971 73.169596756458049 0.25426971501314216 11.9207462503863
53 1 49.143841847231414 78.184346116919414 0.5885863390438999 12.255062874417058
53 7 49.022376643421651 83.267111067916417 0.92743733577703247 12.593913871150191
53 13 48.998841860593636 88.430201109997185 1.2716433385824188 12.938119873955577
53 19 49.056071176391534 93.695960722193888 1.6226939793955315 13.28917051476869
53 25 49.172837993985276 99.091896855864618 1.9824230549735793 13.648899590346737
53 31 49.324140466582499 104.63951776078687 2.3522644486350637 14.018740984008222
53 37 49.48371740011067 110.3437946310234 2.7325495733174989 14.399026108690657
53 43 49.628044830844686 116.18934740303627 3.1222530914516899 14.788729626824848
53 49 49.740327504038 122.14520205357847 3.5193100681545038 15.185786603527664
53 55 49.812914313871204 128.17515080091539 3.9213066513102981 15.587783186683456
53 61 49.847128744672197 134.24846253479473 4.326194100235587 15.992670635608745
53 67 49.850444444320047 140.34668165559341 4.7327420416221662 16.399218576995324
53 73 49.831869745936253 146.4648561323595 5.1406203400732391 16.807096875446398
53 79 49.797016910696229 152.60779126068351 5.5501493486281728 17.216625884001328
53 85 49.744469601973471 158.7830984878787 5.9618364971078526 17.62831303248101
53 91 49.664724251644074 164.99319932728173 6.3758432197347208 18.042319755107879
53 97 49.542258641538972 171.22850375939598 6.7915301818756708 18.458006717248828
53 103 49.360334601519597 177.46379338053924 7.2072161566185553 18.873692691991714
53 109 49.107219503677499 183.6591834795332 7.6202421632181521 19.286718698591311
53 115 48.78193321435738 189.76578259087995 8.0273487706412698 19.693825306014428
53 121 48.397667773415286 195.73460074687819 8.4252699810411507 20.091746516414311
53 127 47.981740164637706 201.52606114019218 8.8113673405954174 20.477843875968574
53 133 47.572067594954042 207.11729364922343 9.1841161745308337 20.850592709903992
53 139 47.211237274104377 212.50535031285676 9.5433199521063905 21.209796487479547
53 145 46.939860239445537 217.70604877999605 9.8900331832490096 21.55650971862217
53 151 46.790891017832621 222.74951801073917 10.22626446529855 21.892741000671709
53 157 46.786089124104812 227.67416883049395 10.554574519948869 22.221051055322029
53 163 46.935068213348835 232.52075261542797 10.877680105611137 22.544156640984294
53 169 47.236677589108915 237.32775727721909 11.198147083063878 22.86462361843704
53 175 47.681949852687431 242.12892495186247 11.518224928040103 23.184701463413262
47 -179 42.104564347789854 247.85402395761804 11.899898195090476 23.566374730463632
47 -173 42.881321778530186 252.928177014413 12.238175065543471 23.90465160091663
47 -167 43.753427519392915 258.08581384604469 12.582017520985584 0.24849405635874433
47 -161 44.706097588539151 263.33786119500405 12.932154010916209 0.59863054628936752
47 -155 45.725950780986842 268.69942041390084 13.289591292175995 0.95606782754915187
47 -149 46.799732552480968 274.19312186378261 13.655838055501446 1.3223145908746048
47 -143 47.913844424225999 279.84981353737078 14.032950833740658 1.6994273691138169
47 -137 49.054566191268343 285.70641110781628 14.423390671770358 2.0898672071435165
47 -131 50.208059783516539 291.80243560844286 14.829792305145464 2.4962688405186206
47 -125 51.358951637852378 298.17803369454901 15.25483217755254 2.9213087129256969
47 -119 52.48670589937106 304.87506282490568 15.701300786242985 3.367777321616142
47 -113 53.560065678899008 311.93847860006906 16.172195171253875 3.8386717066270357
47 -107 54.531330818889963 319.41084574652882 16.67035298101786 4.3368295163910169
47 -101 55.333741327941688 327.3135606855796 17.197200643621247 4.8636771789944042
47 -95 55.885842557719975 335.61671538459461 17.750744290222247 5.417220825595404
47 -89 56.105068288028683 344.21147495210784 18.323728261389796 5.9902047967629528
47 -83 55.928359203171034 352.90533902822659 18.903319199797711 6.5697957351708709
47 -77 55.332488722592444 1.4532118728859933 19.473177389441673 7.1396539248148292
47 -71 54.345022002235503 9.6164375209310684 20.017392432644677 7.6838689680178351
47 -65 53.040881705757286 17.222460238622823 20.524460613824129 8.1909371491972855
47 -59 51.526770046981525 24.197228827308784 20.989445186403191 8.6559217217763482
47 -53 49.920669321707436 30.561617466081476 21.413737762321372 9.0802142976945301
47 -47 48.333360489696346 36.404116948268594 21.803237727800514 9.469714263173671
47 -41 46.855412941758566 41.848374760670481 22.166188248627304 9.8326647840004622
47 -35 45.550200348652353 47.026101738335136 22.511370047138282 10.177846582511441
47 -29 44.452551022437618 52.056249597434949 22.846713237744936 10.513189773118093
47 -23 43.572394506187472 57.029796532763562 23.178283033433509 10.844759568806667
47 -17 42.901994859879807 62.003031760534526 23.509832048618239 11.176308583991398
47 -11 42.424342851751518 67.002408478422311 23.843123829810757 11.509600365183918
47 -5 42.119987749977568 72.038762887903061 0.17888079044280972 11.845357325815968
47 1 41.970446754405053 77.12332977522108 0.51785191626401006 12.184328451637167
47 7 41.9579200863786 82.277378447394284 0.86145516107555786 12.527931696448716
47 13 42.06256997997896 87.531450555421685 1.2117266349440512 12.87820317031721
47 19 42.259456257462041 92.91614968409985 1.570706576855929 13.237183112229086
47 25 42.517146415619365 98.45080989916255 1.9396839245267756 13.606160459899934
47 31 42.799204468989011 104.13664655350843 2.3187397014831674 13.985216236856326
47 37 43.068564835470397 109.95725760254159 2.706780438085377 14.373256973458535
47 43 43.29360578898482 115.88475847077822 3.1019471626344872 14.768423698007645
47 49 43.453933971275781 121.88776438118489 3.5021475566615985 15.168624092034756
47 55 43.543786275523246 127.93830230450438 3.9055167515495639 15.571993286922721
47 61 43.571634724724916 134.01652290089271 4.3107314579754528 15.97720799334861
47 67 43.555808875328083 140.11306340171166 4.7171674913633828 16.38364402673654
47 73 43.517269513224505 146.22895855425205 5.1248938348660751 16.791370370239232
47 79 43.471628614097547 152.37286994311805 5.5344879274571417 17.200964462830303
47 85 43.422850134971 158.55568779963195 5.9466757845580691 17.613152319931228
47 91 43.360716373359693 164.7833116781093 6.3618507097898922 18.028327245163048
47 97 43.26316720531247 171.04935147347911 6.779586696147879 18.446063231521034
47 103 43.103194435150883 177.33016070477098 7.1983073115673371 18.864783846940494
47 109 42.858453591735547 183.58450006282595 7.6152632687710025 19.281739804144159
47 115 42.520664699183243 189.75889495431551 8.0268895948703065 19.693366130243465
47 121 42.101727359064057 195.79765984437176 8.4294739208740559 20.095950456247216
47 127 41.634470378229807 201.65458864236973 8.8199358407405875 20.486412376113744
47 133 41.167760056240738 207.30258842695454 9.1964691597129082 20.862945695086069
47 139 40.757555166249496 212.73849436925462 9.558862889199581 21.225339424572738
47 145 40.456659839745811 217.98231101270829 9.9084506654298252 21.574927200802982
47 151 40.306025283452648 223.07199915068165 10.247763207961382 21.914239743334541
47 157 40.329638513656874 228.05585331289117 10.580020152108684 22.246496687481841
47 163 40.533761247872341 232.9844973282967 10.908596419802386 22.575072955175543
47 169 40.909994586504922 237.90407607994138 11.236568336578697 22.903044871951856
47 175 41.440663744586523 242.85173874576029 11.566412514299959 23.232889049673116
41 -179 36.156212455047765 248.67751560759771 11.954797638422454 23.621274173795609
41 -173 36.975760011816291 253.8838966171736 12.301889705727513 23.968366241100671
41 -167 37.870699363449475 259.17941684762252 12.65492438775744 0.32140092313060009
41 -161 38.831571578973794 264.57523862317208 13.014645839460744 0.68112237483390103
41 -155 39.851512189651942 270.08201410399931 13.381764204849226 1.0482407402223863
41 -149 40.922098054108403 275.7109740810302 13.757028203317953 1.4235047386911113
41 -143 42.031513677580882 281.47554059209358 14.141332637388844 1.8078091727620027
41 -137 43.16551767789786 287.39369421691714 14.535876212377081 2.2023527477502398
41 -131 44.309772471463262 293.49047132609337 14.942328019655497 2.6088045550286552
41 -125 45.450879468420041 299.79972487378103 15.362944922834675 3.0294214582078318
41 -119 46.57369879568536 306.36452335278778 15.800598154768458 3.4670746901416152
41 -113 47.654289090998049 313.23514665927848 16.258639708534506 3.925116243907663
41 -107 48.650418562981969 320.46167996046188 16.740408595280066 4.4068851306532224
41 -101 49.494169085239172 328.07661985104744 17.248071254652434 4.9145477900255941
41 -95 50.092652455784275 336.06662338219843 17.780738156729168 5.4472146921023246
41 -89 50.341620505180472 344.34339976503662 18.332523248918381 5.9989997842915379
41 -83 50.15126694139834 352.73386359357204 18.891887504154074 6.558364039527234
41 -77 49.475486576385428 1.0061046557817106 19.443370241634721 7.1098467770078777
41 -71 48.331324541008755 8.9272726960619266 19.971448110986735 7.6379246463598918
41 -65 46.799478165100822 16.326659747304653 20.464740581069584 8.1312171164427411
41 -59 45.007021859545716 23.13282002685753 20.918484599706442 8.5849611350795989
41 -53 43.101499417271548 29.371999350833484 21.334429887971503 9.000906423344663
41 -47 41.225920157843291 35.138772114775094 21.718881405567611 9.3853579409407697
41 -41 39.499782131105043 40.558926466401296 22.080225029009359 9.7467015643825157
41 -35 38.007564774372888 45.758122591099088 22.426838103989212 10.09331463936237
41 -29 36.794891731849233 50.840855918463625 22.76568699248018 10.432163527853339
41 -23 35.871958874941448 55.880886046912266 23.101689001043425 10.768165536416582
41 -17 35.222572362037845 60.923041832960301 23.437832720113292 11.10430925548645
41 -11 34.815801149825226 65.99300229943114 23.775830084544683 11.44230661991784
41 -5 34.616746958207216 71.108554492766388 0.11686689743369812 11.783343432806856
41 1 34.593565163692929 76.286629149758227 0.46207187456648741 12.128548409939645
41 7 34.719397170515428 81.544663848353494 0.8126075211395043 12.479084056512663
41 13 34.969764101624207 86.898882672031434 1.1695554427180355 12.836031978091194
41 19 35.317571571104963 92.362840734798667 1.5338193135691844 13.200295848942343
41 25 35.728689481349193 97.947192591560707 1.9061094373533194 13.572585972726477
41 31 36.160859038203 103.65906878586129 2.2869011836400244 13.953377719013183
41 37 36.567400303590901 109.49939703013948 2.6762563999252373 14.342732935298395
41 43 36.905125252334258 115.45888235329693 3.0735554214690675 14.740031956842225
41 49 37.143780395445752 121.51573738341132 3.4773457568100268 15.143822292183184
41 55 37.273280379636603 127.63824666713347 3.8855130423915036 15.551989577764662
41 61 37.305563870663711 133.79249745240941 4.2957964280765664 15.962272963449724
41 67 37.269846605207228 139.95212874097791 4.7064385139811327 16.37291504935429
41 73 37.202452579120234 146.10544135499958 5.1166593549159112 16.783135890289071
41 79 37.134325546209254 152.25660488213165 5.5267369233913826 17.193213458764543
41 85 37.080189375789239 158.42055990246206 5.9376672580800767 17.604143793453236
41 91 37.032965813715336 164.61358217599937 6.3505354096492299 18.017011945022386
41 97 36.965578579219809 170.84262859300208 6.7658051707827438 18.432281706155901
41 103 36.840020158177445 177.09686940858387 7.1827545584881971 18.849231093861356
41 109 36.621138655258306 183.34445203573313 7.5992600669648143 19.265736602337974
41 115 36.290820549729489 189.53623669130573 8.0120457106696552 19.67852224604281
41 121 35.857854408645267 195.61589088674799 8.4173559903658042 20.083832525738963
41 127 35.360079255213314 201.53316287477219 8.8118407895674178 20.478317324940576
41 133 34.858049778876428 207.25581536430553 9.1933509555363084 20.859827490909467
41 139 34.422349458029736 212.77644420804052 9.5613928784519739 21.227869413825132
41 145 34.118662392318278 218.11271177686919 9.9171440497072183 21.583620585080379
41 151 33.995069330664379 223.30196717938489 10.263094409874931 21.929570945248088
41 157 34.074868803372354 228.3926654424908 10.602474294081992 22.26895082945515
41 163 34.356227950954853 233.43526801748519 10.938647799081618 22.605124334454779
41 169 34.81788599153068 238.4748787260678 11.274621846320459 22.941098381693617
41 175 35.428481256791009 243.54710118698097 11.612770010381336 23.279246545754496
35 -179 30.52229194807558 249.32738892152935 11.998122526017896 23.664599061391055
35 -173 31.405866786914881 254.70123434745597 12.356378887746336 0.022855423119494844
35 -167 32.327710587126518 260.1346973142787 12.718609752201186 0.38508628757434238
35 -161 33.280134373353711 265.63635452400894 13.085386899516534 0.75186343488969243
35 -155 34.261411421893058 271.22152215801253 13.457731408450108 1.1242079438232651
35 -149 35.269913455798154 276.90825022433245 13.836846612871435 1.5033231482445935
35 -143 36.301364109137864 282.71190047855282 14.22375662981946 1.890233165192619
35 -137 37.34984327001839 288.64338760322948 14.619189104797904 2.2856656401710644
35 -131 38.410666207540856 294.71393975823901 15.02389258179854 2.6903691171716986
35 -125 39.481587101651336 300.94439565824439 15.439256308465565 3.1057328438387231
35 -119 40.559004397937599 307.37336292377444 15.867854126167568 3.5343306615407251
35 -113 41.628217028707255 314.05855368438705 16.313533510208408 3.9800100455815688
35 -107 42.650285216631517 321.06772440056773 16.780811557953786 4.4472880933269465
35 -101 43.551176814226416 328.45709075659386 17.273435981688863 4.9399125170620195
35 -95 44.22059415616134 336.23778229483173 17.792148750904722 5.4586252862778792
35 -89 44.526864495001384 344.34000358575378 18.33229683696619 5.9987733723393504
35 -83 44.348395434440882 352.59675874322772 18.882747180797786 6.5492237161709461
35 -77 43.612063581140276 0.76844611724887713 19.427526339065864 7.0940028744390222
35 -71 42.321617904695501 8.6066566217252376 19.950073706030956 7.6165502414041129
35 -65 40.562852431666215 15.926241227726962 20.438046013097736 8.1045225484708947
35 -59 38.485229312530606 22.648099727569463 20.886169913087237 8.5526464484603935
35 -53 36.270513787677444 28.798050150921615 21.29616660797738 8.9626431433505367
35 -47 34.100184416122204 34.475555421348538 21.674666959339174 9.3411434947123322
35 -41 32.128466234382813 39.815210917977907 22.0306439924478 9.6971205278209585
35 -35 30.463940337814144 44.954684585410519 22.37327557027664 10.039752105649798
35 -29 29.161479390717872 50.012390346383633 22.710455954341516 10.376932489714672
35 -23 28.225258502742548 55.074854535651845 23.047953566959396 10.714430102332553
35 -17 27.621466629435311 60.193160298918727 23.389173951177188 11.055650486550345
35 -11 27.296789280429142 65.386727493483278 23.735411764148157 11.401888299521316
35 -5 27.196870602543282 70.652403856089748 0.086456854988587864 11.752933390361745
35 1 27.278881132797832 75.977162308114117 0.44144075179021341 12.107917287163371
35 7 27.514630878538718 81.351710292030674 0.79974395071798388 12.466220486091142
35 13 27.884584104709841 86.78072752744707 1.1616784330790779 12.828154968452235
35 19 28.366787126479736 92.28559019438714 1.5286692775417483 13.195145812914907
35 25 28.92659512533772 97.897931277226903 1.9028253497310668 13.569301885104226
35 31 29.512636744504466 103.64619924142514 2.2860432140109479 13.952519749384106
35 37 30.061832988514698 109.54107462775353 2.67903490643284 14.345511441805998
35 43 30.512301272089285 115.56712338951323 3.0807714905501542 14.747248025923312
35 49 30.819271174631279 121.68543183947473 3.4886587205475879 15.155135255920747
35 55 30.967561904820137 127.84600557513025 3.8993636362579553 15.565840171631114
35 61 30.975492483641716 134.00359729673832 4.3098697510318269 15.976346286404985
35 67 30.888451873191183 140.12994891692861 4.7182931923778462 16.384769727751003
35 73 30.764062930309045 146.21864652535712 5.1242063662730803 16.790682901646239
35 79 30.653607925407687 152.28260940223956 5.5284705580652425 17.194947093438405
35 85 30.585559248301553 158.3463362887689 5.9327190171671988 17.599195552540358
35 91 30.55652388946157 164.43542143541148 6.3386580269433717 18.005134562316531
35 97 30.532768380083457 170.56569869937772 6.7473431778744537 18.413819713247612
35 103 30.462235070397494 176.73448649380265 7.1585956975027818 18.825072232875939
35 109 30.293523018150772 182.91660044158613 7.5707366273550143 19.237213162728171
35 115 29.995829325946637 189.06718926931882 7.9807758825371931 19.647252417910352
35 121 29.573277851042139 195.13144204883591 8.3850594011716666 20.051535936544823
35 127 29.068762266544606 201.05843057202199 8.780191969384072 20.446668504757227
35 133 28.5559436467532 206.81442292268656 9.1639247927617102 20.830401328134869
35 139 28.122122949631951 212.39122386955037 9.5357115225526297 21.202188057925788
35 145 27.847715918829522 217.80726918991175 9.896781210576723 21.56325774594988
35 151 27.788771622350588 223.10192327452646 10.249758149551036 21.916234684924195
35 157 27.967345441569197 228.32536912323695 10.597987872798402 22.264464408171559
35 163 28.371587771113944 233.52726312588823 10.944780806308488 22.611257341681647
35 169 28.964360802991902 238.74731354264696 11.292784167425737 22.959260702798893
35 175 29.6968308772299 244.01038069417416 11.643655310860883 23.310131846234039
29 -179 24.927706231094923 250.00068069443233 12.043008644211428 23.709485179584586
29 -173 25.874449275338606 255.56757567114119 12.414134975992019 0.08061151136517708
29 -167 26.832195966306848 261.18534037148584 12.788652622681662 0.45512915805482024
29 -161 27.795989447466415 266.84768981875197 13.166142585832738 0.83261912120589443
29 -155 28.765917842220496 272.55744671615207 13.54679304565941 1.21326958103257
29 -149 29.739947524444293 278.32538181051041 13.931322051949966 1.5977985873231226
29 -143 30.712452153734255 284.16498278552939 14.320628783617899 1.9871053189910555
29 -137 31.67843020512235 290.08746394990442 14.715460861242899 2.3819373966160597
29 -131 32.639795206555675 296.10227874623456 15.116448514331577 2.7829250497047333
29 -125 33.608130691647183 302.22546951036583 15.524661231940327 3.1911377673134851
29 -119 34.599146431407021 308.49173439092868 15.942412223977851 3.6088887593510108
29 -113 35.617840132322634 314.96109163578717 16.373702706968416 4.0401792423415763
29 -107 36.638480241760732 321.71227242133608 16.823781426005009 4.4902579613781697
29 -101 37.587572729475845 328.82022295474587 17.297644794898996 4.9641213302721567
29 -95 38.339529258629952 336.31989852335289 17.797623166139466 5.4640997015126231
29 -89 38.733036496861736 344.16568370239156 18.320675511408709 5.9871520467818691
29 -83 38.609204426267063 352.20756459046868 18.856800903947185 6.5232774393203421
29 -77 37.860427808056066 0.20886957224890793 19.390221236065866 7.0566977714390244
29 -71 36.469224839980626 7.9100877457098102 19.90363578096326 7.5701123163364183
29 -65 34.519628188756826 15.109300470487112 20.383583295948412 8.0500598313215708
29 -59 32.179024370287138 21.716069007895001 20.824034531775606 8.4905110671487645
29 -53 29.661909452907981 27.757410103108587 21.226790604789844 8.8932671401630028
29 -47 27.189247511739012 33.347014295317706 21.599430884270454 9.2659074196436109
29 -41 24.95235028063761 38.641398519309625 21.952389832536582 9.6188663679097388
29 -35 23.086553779635665 43.798927809162613 22.296225118526781 9.9627016538999378
29 -29 21.658558902476194 48.94832523535181 22.639518280272725 10.305994815645883
29 -23 20.669277245010186 54.170200800922828 22.987643317977462 10.654119853350618
29 -17 20.070595211896517 59.493455394423691 23.342526957544184 11.009003492917342
29 -11 19.790619229156146 64.905567297433322 23.703334417744827 11.369810953117986
29 -5 19.758986313872029 70.372767553586613 0.067814434821713121 11.734290970194872
29 1 19.92362938297213 75.863206396510336 0.43384369101662895 12.100320226389787
29 7 20.254098140130729 81.364661634069577 0.80060737352057842 12.467083908893736
29 13 20.73246780952201 86.890394445889996 1.1689895609752721 12.83546609634843
29 19 21.337790753976329 92.472142918741227 1.5411061258320198 13.207582661205178
29 25 22.032048100477837 98.145005300162765 1.9192969512601243 13.585773486633283
29 31 22.754557823366724 103.93206781063333 2.3051011186248274 13.971577653997986
29 37 23.428303679310261 109.83556389429526 2.6986675242022899 14.365144059575448
29 43 23.976570188477641 115.83699456528939 3.098762902268565 14.765239437641723
29 49 24.34356072937868 121.90407699230755 3.5032350640697758 15.169711599442934
29 55 24.51073725809087 128.00039350936751 3.9096561652071062 15.576132700580265
29 61 24.502394620003411 134.09431200480464 4.3159173982362482 15.982393933609407
29 67 24.378166803896239 140.16537426762329 4.7206548824241583 16.387131417797317
29 73 24.214611175745755 146.20747294579382 5.1234614609688602 16.789937996342019
29 79 24.081402328324877 152.22856828544761 5.5248678169457799 17.191344352318939
29 85 24.019484246399433 158.24691839963702 5.926091157891741 17.5925676932649
29 91 24.02831917731741 164.28423559478853 6.328578970901841 17.995055506274998
29 97 24.0668231921161 170.3569341020123 6.7334255380500929 18.399902073423252
29 103 24.068217967750513 176.4675546555778 7.1408002416211254 18.807276776994286
29 109 23.964313004548149 182.59918404965461 7.5495755345595796 19.216052069932736
29 115 23.711395110464885 188.71559247370877 7.95733609616319 19.623812631536346
29 121 23.309153807000381 194.76826695853467 8.3608477284849165 20.027324263858077
29 127 22.806198779595224 200.70876369065741 8.7568808439597667 20.423357379332924
29 133 22.290148743570072 206.50227297623189 9.1431147963313979 20.809591331704556
29 139 21.86562130432954 212.13760583293367 9.5188036534448504 21.185280188818009
29 145 21.627662575226999 217.63035545529505 9.8849869616022747 21.551463496975433
29 151 21.639322934040845 223.01869069981194 10.244209311236736 21.910685846609894
29 157 21.919882593830984 228.35361817823156 10.599871143131375 22.266347678504534
29 163 22.446116639075548 233.68682704679378 10.955418401035525 22.621894936408683
29 169 23.164783826179505 239.0595560720397 11.313600336051918 22.980076871425076
29 175 24.011274349947762 244.49562549756155 11.676004964420041 23.342481499793202
23 -179 19.428515684662155 250.70671094281755 12.090077327437109 23.756553862810268
23 -173 20.398475417018684 256.39293991756142 12.4691592590867 0.13563579445985852
23 -167 21.344315858141528 262.12690118046635 12.851423343280363 0.51789987865351961
23 -161 22.270620028320767 267.90420815858937 13.236577141821897 0.90305367719505369
23 -155 23.18733564500565 273.72415180206048 13.624573384719971 1.2910499200931298
23 -149 24.099048191475489 279.58776546338242 14.015480962141433 1.6819574975145919
23 -143 25.002512766216352 285.49523817989206 14.40931247657541 2.0757890119485687
23 -137 25.89277966204833 291.44543787638281 14.80599245634146 2.4724689917146172
23 -131 26.773147361687354 297.43962875996306 15.205605181913477 2.8720817172866333
23 -125 27.661229607507227 303.49003876041689 15.608965848610399 3.275442383983556
23 -119 28.584368976804789 309.6307490082001 16.018346531795945 3.684823067169102
23 -113 29.562409063749939 315.92406176958133 16.437900715888027 4.1043772512611874
23 -107 30.582397418144037 322.45420562547855 16.873243639614508 4.5397201749876679
23 -101 31.575191819710692 329.30439018726685 17.329922610400395 4.9963991457735553
23 -95 32.406227435571026 336.51989069416976 17.810955977527257 5.477432512900414
23 -89 32.890872382919959 344.06760752901846 18.314137099850502 5.9806136352236621
23 -83 32.836840224187874 351.81245169734939 18.8304600444059 6.4969365797790566
23 -77 32.101858083366437 359.53385969626407 19.345220577666876 7.0116971130400358
23 -71 30.642735127559401 6.9872075789881993 19.842110436515153 7.5085869718883105
23 -65 28.534590566109376 13.982520670049247 20.308464642585889 7.9749411779590469
23 -59 25.955769353865197 20.438448075771095 20.738859802967347 8.4053363383405024
23 -53 23.149349041472007 26.389223286989104 21.135578150381878 8.8020546857550368
23 -47 20.375550979497518 31.953888500444272 21.506555831278888 9.1730323666520484
23 -41 17.865928089150781 37.290717595157389 21.862344437593098 9.5288209729662565
23 -35 15.787741477405525 42.554113041119926 22.213237467323935 9.8797140026970922
23 -29 14.225177156976589 47.862538608273056 22.567132505134143 10.2336090405073
23 -23 13.180388707748708 53.28139606329232 22.928389668802094 10.594866204175252
23 -17 12.592573312525094 58.821838650214367 23.29775250793023 10.964229043303389
23 -11 12.368750310648254 64.45394386442058 23.673226188877312 11.339702724250468
23 -5 12.416230955946828 70.129570085352654 0.051601270272783495 11.718077805645942
23 1 12.66592538114709 75.806461681472285 0.4300607100140913 12.09653724538725
23 7 13.079460002323289 81.46429796666331 0.80724979569349287 12.473726331066651
23 13 13.640020017246197 87.108125764820358 1.1835049822372961 12.849981517610454
23 19 14.333129262781474 92.76156743199715 1.5604010933824157 13.226877628755574
23 25 15.126856669695702 98.455726371773437 1.9400116893675015 13.60648822474066
23 31 15.960846570402163 104.21861432963055 2.3242042198913091 13.990680755264467
23 37 16.750160505301213 110.06726271019001 2.714114111928605 14.380590647301764
23 43 17.403642312370931 116.00321096867874 3.1098439958278541 14.776320531201012
23 49 17.849733062757757 122.01195788878779 3.5104271238351248 15.176903659208282
23 55 18.059069918602475 128.06681369134498 3.9140841773389372 15.580560712712096
23 61 18.054710382240891 134.13641520511052 4.3187242782566404 15.985200813629799
23 67 17.905883589158275 140.19352662099328 4.7225317059821581 16.389008241355317
23 73 17.706894457552867 146.22207825532792 5.1244351482711332 16.790911683644293
23 79 17.54754582833651 152.22028696038436 5.5243157286082294 17.190792263981386
23 85 17.484505938048454 158.19931918086638 5.9229178766403647 17.589394412013522
23 91 17.523404163137386 164.17818817799184 6.3215091431153949 17.987985678488553
23 97 17.618275970695127 170.1761672834655 6.7213744168136396 18.387850952186795
23 103 17.68905505210105 176.20440735641989 7.1232570883439319 18.78973362371709
23 109 17.651417143361243 182.25901824452876 7.5268978142178566 19.193374349591014
23 115 17.448955486489403 188.31828423018061 7.9308488799279795 19.597325415301139
23 121 17.076886702253834 194.34604160123016 8.332699371331282 19.999175906704441
23 127 16.589249568772651 200.30107540401579 8.7297016248503247 20.396178160223485
23 133 16.086984761635719 206.1495777570415 9.1196017817187052 20.78607831709186
23 139 15.690917472663378 211.87601648788004 9.5013643637746075 21.16784089914777
23 145 15.509084823401903 217.48830318889031 9.8755168105086266 21.541993345881785
23 151 15.609422110437851 223.01555548670487 10.244000297029597 21.910476832402757
23 157 16.005944315735093 228.49964986812279 10.609606589124125 22.276083124497283
23 163 16.661285349483069 233.98384438458632 10.97521955688836 22.641696092261515
23 169 17.503255787664031 239.50247051182555 11.343127965370975 23.009604500744135
23 175 18.449053180524412 245.07509278931369 11.714636117203518 23.381112652576675
17 -179 13.962562038807727 251.45674574848499 12.140079647814938 23.806556183188096
17 -173 14.976283558618244 257.25383888165362 12.526552523359515 0.19302905873267306
17 -167 15.927808312746661 263.06902118066296 12.914231343293469 0.58070787866662599
17 -161 16.824184342888529 268.90324852977034 13.303179833233962 0.96965636860711868
17 -155 17.680199310574604 274.76467512917674 13.693941606527721 1.3604181419008796
17 -149 18.506468102727688 280.66071177954723 14.08701071655242 1.7534872519255806
17 -143 19.306644012892914 286.59031811564626 14.482317805625689 2.1487943409988475
17 -137 20.084051217921662 292.54336466214897 14.879187575392537 2.5456641107656957
17 -131 20.852372058913598 298.50942626753181 15.276925015751393 2.9434015511245519
17 -125 21.641758784437663 304.49234884244333 15.675786520745495 3.3422630561186537
17 -119 22.493044852219064 310.52371836633557 16.077877822338312 3.7443543577114689
17 -113 23.43817322674213 316.66818429883284 16.487508884504795 4.1539854198779516
17 -107 24.471834285460048 323.01512683209313 16.910638386722148 4.5771149220953049
17 -101 25.524810641133339 329.65449580141103 17.353262984676675 5.019739520049832
17 -95 26.452179278554347 336.63961334759756 17.818937487755775 5.4854140231289357
17 -89 27.048155887582595 343.94687396018094 18.306088195261335 5.9725647306344918
17 -83 27.091248752799061 351.45200889391606 18.80643052417701 6.4729070595501668
17 -77 26.407937083448321 358.9457274311132 19.306011759990152 6.9724882953633092
17 -71 24.929515795144834 6.1937523435220863 19.789213420817411 7.4556899561905698
17 -65 22.718655269663394 13.014444333343308 20.243926220138825 7.910402755511984
17 -59 19.959040541782365 19.332710145675062 20.665143940960945 8.331620476334102
17 -53 16.916938420301911 25.18800171916288 21.055496712526796 8.7219732478999568
17 -47 13.887908172678351 30.704876754542177 21.423288381552084 9.0897649169252421
17 -41 11.141124878234461 36.047920481482997 21.779491296681471 9.445967832054631
17 -35 8.873808430577574 41.377589826989407 22.134802586381898 9.8012791217550568
17 -29 7.186075201391259 46.815270884276174 22.497314656867683 10.163791192240842
17 -23 6.0803179845313666 52.422064757157727 22.871100915059788 10.537577450432945
17 -17 5.4827026200535229 58.194739406811536 23.255945891703377 10.922422427076533
17 -11 5.2796293417971603 64.080142689197345 23.648306110529095 11.314782645902254
17 -5 5.3579611952925195 70.003343581116667 0.043186169990383404 11.709662705363542
17 1 5.635705954120267 75.897891909664281 0.43615605856022438 12.102632593933382
17 7 6.0729720451117526 81.726247256619502 0.82471308169057234 12.49118961706373
17 13 6.6612774545252265 87.485545143551576 1.2086662741527108 12.875142809525869
17 19 7.3982271176272754 93.201233693034553 1.5897121774515768 13.256188712824734
17 25 8.2599854501781209 98.913767330701489 1.9705477532960383 13.637024288669197
17 31 9.1845221010557339 104.66326588804812 2.3538476571191458 14.020324192492303
17 37 10.074328539656046 110.47669073788715 2.7414093137750837 14.407885849148242
17 43 10.818884832519879 116.36144018322044 3.1337259434639693 14.800202478837127
17 49 11.32781073228195 122.30688882704408 3.5300891863855441 15.196565721758702
17 55 11.560620690484225 128.29171787133933 3.9290777893385611 15.595554324711719
17 61 11.541054803680938 134.29250168856439 4.3291300438202311 15.995606579193389
17 67 11.350692800182854 140.28983710635561 4.7289524050063125 16.395428940379471
17 73 11.103812351134422 146.27115978948251 5.1277072505481067 16.794183785921266
17 79 10.911274887065549 152.231510542238 5.5250639673984718 17.191540502771627
17 85 10.84509387440596 158.17351469412807 5.9211975775244774 17.587674112897634
17 91 10.915916598984138 164.10653903799533 6.3167325337822948 17.983209069155453
17 97 11.07170180202254 170.04405199042901 6.712566730611206 18.379043265984365
17 103 11.218400759629727 175.99860281764433 7.1095367857588938 18.776013321132051
17 109 11.255512671949051 181.97535458063646 7.5079869032917035 19.174463438664862
17 115 11.114258131545979 187.96677365399842 7.9074148415158332 19.573891376888991
17 121 10.785500406070152 193.95162844483878 8.3064051609051912 19.97288169627835
17 127 10.328091282353405 199.90002627769539 8.7029650164289656 20.369441551802122
17 133 9.8547504203450025 205.78329313677574 9.0951828070343215 20.76165934240748
17 139 9.5003695992943236 211.58480318300735 9.4819501434497617 21.148426678822922
17 145 9.3840476399241872 217.30705277275743 9.8634334494331011 21.529909984806256
17 151 9.5778820492533718 222.9717871618077 10.241082408703118 21.907558944076278
17 157 10.091796615296481 228.61296685845036 10.617161055145964 22.28363759051912
17 163 10.877277116111717 234.26537676166865 10.993988382027181 22.660464917400343
17 169 11.846979523118307 239.95358087564856 11.373201989625843 23.039678524998997
17 175 12.90280096653126 245.68600316476335 11.755363475566829 23.421840010939988
11 -179 8.2882382898884455 252.27209812577746 12.194436472967769 23.860913008340926
11 -173 9.330809617172882 258.17841963812509 12.588191240457611 0.2546677758307716
11 -167 10.295329950932265 264.09167688549644 12.982408390282368 0.64888492565552625
11 -161 11.190409707661482 270.00517346764212 13.376641495758747 1.0431180311319039
11 -155 12.030147329323098 275.92104149163885 13.771032697358528 1.4375092327316885
11 -149 12.822443569161617 281.84504164721949 14.165966041063905 1.8324425764370638
11 -143 13.568290394863245 287.77831239478803 14.561517424235142 2.2279939596082983
11 -137 14.271440773254513 293.71304011912218 14.957165939190752 2.6236424745639084
11 -131 14.951642513692267 299.63789791164555 15.35215645869231 3.0186329940654666
11 -125 15.651324801701341 305.55264556620318 15.746472968996152 3.4129495043693083
11 -119 16.427783039743865 311.48403639653287 16.141899024351464 3.8083755597246203
11 -113 17.329679531191157 317.49280694890052 16.54248372784264 4.208960263215797
11 -107 18.364248947276817 323.6650748863612 16.953968257006686 4.6204447923798426
11 -101 19.466862384223624 330.08769546418898 17.382142962195203 5.0486194975683638
11 -95 20.486865398927176 336.81268170497503 17.830475378247609 5.4969519136207659
11 -89 21.202133539552769 343.82094614077295 18.297693007300801 5.9641695426739609
11 -83 21.366415200343297 351.0022031831827 18.776443476794785 6.4429200121679422
11 -77 20.777448030772273 358.1698656569194 19.254287641710565 6.920764177083722
11 -71 19.339794121670124 5.1152474153436396 19.717313092272182 7.3837896276453403
11 -65 17.098087080157605 11.678401166001709 20.154856675649388 7.8213332110225444
11 -59 14.232464021605033 17.799180014016962 20.562908598850402 8.2293851342235609
11 -53 11.022222061974791 23.527016973623944 20.944764396157534 8.611240931530693
11 -47 7.7887119045899587 28.994320128936277 21.309251273178358 8.9757278085515164
11 -41 4.8312239369838936 34.371615209396552 21.667737611875708 9.3342141472488684
11 -35 2.3728293093555446 39.820410922738596 22.030990659431847 9.6974671948050037
11 -29 0.53023564802636236 45.454261532940045 22.406580700111942 10.0730572354851
11 -23 -0.68789475737113581 51.31569984692549 22.79734325437764 10.463819789750797
11 -17 -1.3581540166217319 57.374710852793925 23.201277321435533 10.867753856808692
11 -11 -1.6031205998774063 63.549328538734024 23.612918500498207 11.279395035871365
11 -5 -1.5468980407897068 69.740144524907237 0.025639566243088059 11.692116101616246
11 1 -1.2798501176429371 75.864136069431993 0.43390566921140511 12.100382204584564
11 7 -0.84488290812742994 81.875478203944468 0.83466181151223584 12.501138346885394
11 13 -0.2485475603695915 87.769338518563188 1.2275858324868181 12.894062367859977
11 19 0.51066405663175596 93.571952687267455 1.6144267770671035 13.280903312440262
11 25 1.4110251791624573 99.323891811738108 1.9978893853651472 13.664365920738305
11 31 2.3880143319680349 105.06429629611355 2.3805830176568423 14.047059553030001
11 37 3.3364432161116055 110.82181838437721 2.7644178235410855 14.430894358914243
11 43 4.1349211116652667 116.61334542904257 3.1505196265187769 14.816996161891934
11 49 4.6827178512130621 122.44719471233944 3.5394429120719013 15.20591944744506
11 55 4.9332696523425064 128.32626848729601 3.9313811637356726 15.597857699108831
11 61 4.9108586179970466 134.24868178007654 4.3262087165877086 15.992685251960866
11 67 4.7044797710183675 140.20651307398262 4.7233974695147802 16.38987400488794
11 73 4.4407096746995229 146.18530574678658 5.1219836477017111 16.788460183074868
11 79 4.2437276898915819 152.16664695594221 5.520739728312086 17.187216263685244
11 85 4.1953346772451168 158.13392035812694 5.9185579551244016 17.585034490497559
11 91 4.3090140064861107 164.07870149159893 6.3148766973558681 17.981353232729028
11 97 4.5278281799650264 170.00415351325501 6.7099068321329396 18.376383367506097
11 103 4.7473013280379277 175.92304944020049 7.1044998939293045 18.770976429302461
11 109 4.8551739549036661 181.85082545415074 7.499684961525988 19.166161496899143
11 115 4.7740090819409557 187.79674267960678 7.8960794432230577 19.562555978596215
11 121 4.4920818778532166 193.75749856777134 8.2934631691006953 19.959939704473854
11 127 4.0722187294854706 199.71675904313813 8.6907472007918134 20.357223736164975
11 133 3.6356068775761221 205.65128899322627 9.0863825307976906 20.752859066170849
11 139 3.3263526514430772 211.54101530295819 9.4790309514464841 21.145507486819643
11 145 3.2697033583127655 217.37830868880849 9.8681838438365048 21.534660379209662
11 151 3.5385119439207924 223.1721455223923 10.254439632742093 21.920916168115248
11 157 4.1379193211188321 228.94528700658842 10.6393157316885 22.305792267061655
11 163 5.0108642202627198 234.72576015947803 11.024680608547808 22.691157143920965
11 169 6.0605793430080084 240.53634639127068 11.412053024000651 23.078529559373809
11 175 7.1815952247264869 246.38674616819009 11.802079675795278 23.468556211168437
5 -179 2.4982032668031589 253.15046470419747 12.252994244862437 23.919470780235596
5 -173 3.5379038133172558 259.08320244250547 12.648510094082971 0.31498662945612921
5 -167 4.4829719627386 265.02206420492917 13.044434211577883 0.71091074695103984
5 -161 5.3476207698262792 270.96779472796891 13.4408162464472 1.1072927818203588
5 -155 6.1515266251923606 276.92097841258658 13.837695158755045 1.5041716941282033
5 -149 6.9065515558521993 282.87904856192318 14.234899835377485 1.9013763707506435
5 -143 7.6153840484096262 288.83362081119878 14.631871318662524 2.2983478540356828
5 -137 8.2817856396669978 294.77099006967853 15.027695935894508 2.6941724712676667
5 -131 8.925418859787472 300.6784310523052 15.421525334736286 3.0880018701094443
5 -125 9.5904124139673037 306.55589443219742 15.8133562267291 3.4798327621022587
5 -119 10.338715510685372 312.42810132223161 16.204836686064713 3.8713132214378696
5 -113 11.226384457963592 318.34950133136647 16.599596686673703 4.2660732220468631
5 -107 12.269129336919061 324.39599712315203 17.002696406126073 4.6691729414992338
5 -101 13.409162274585974 330.6421618199991 17.419107385915879 5.0855839212890359
5 -95 14.497984510824596 337.12906267743307 17.851567443078142 5.5180439784513027
5 -89 15.308555963775342 343.8339298309802 18.298558586647953 5.96503512202111
5 -83 15.581805786786283 350.65716432335779 18.753440886139792 6.4199174215129489
5 -77 15.095923005531315 357.44020358750078 19.205643503749325 6.8721200391224819
5 -71 13.732635156122964 4.014052671861128 19.643900109373348 7.3103766447465057
5 -65 11.516177874792762 10.258240071329171 20.060179269337883 7.7266558047110419
5 -59 8.6153388641971382 16.141562382031125 20.452400756718013 8.118877292091172
5 -53 5.3113588652995336 21.728329114515333 20.824851872216961 8.4913284075901192
5 -47 1.9398586865346938 27.153772284389877 21.186548083541929 8.8530246189150894
5 -41 -1.1788295366748194 32.582734030328666 21.548478866604516 9.214955401977674
5 -35 -3.8002363210306362 38.165239935333176 21.92064592693815 9.5871224623113083
5 -29 -5.7901065833276233 43.999089308020388 22.30956921845063 9.9760457538237901
5 -23 -7.1281034640702678 50.107555017490967 22.71680026574867 10.383276801121829
5 -17 -7.8862810950609488 56.438631135900081 23.138872006975944 10.805348542349103
5 -11 -8.1903046756135023 62.887294001174965 23.568782864660935 11.235259400034094
5 -5 -8.1733180995499346 69.332932755507059 23.998492114949741 11.6649686503229
5 1 -7.9365241468658034 75.676472838020672 0.42139478711731804 12.087871322490477
5 7 -7.5306017010759589 81.86278600662304 0.83381566502414062 12.500292200397299
5 13 -6.9636631274335876 87.883029433339445 1.2351652268052362 12.901641762178395
5 19 -6.2295342931501745 93.761769737579584 1.6270812470879112 13.29355778246107
5 25 -5.3420894523424423 99.539198609267729 2.0122431718671199 13.678719707240278
5 31 -4.3595075585770475 105.25744291193047 2.3934594587113036 14.059935994084462
5 37 -3.3862121205776159 110.9542277151739 2.7732451122608648 14.439721647634023
5 43 -2.5497370942247182 116.66184498507883 3.1537529302545275 14.820229465627685
5 49 -1.9617689124864832 122.4074833530353 3.5367954881182926 15.203272023491451
5 55 -1.6802261721897074 128.21194934725426 3.9237598877328899 15.590236423106047
5 61 -1.6879646585859081 134.08617505074182 4.31537493463206 15.981851470005218
5 67 -1.8960937208757658 140.02739912446589 4.7114565395469983 16.377933074920158
5 73 -2.1712331272988918 146.01808550418394 5.110835631528202 16.777312166901361
5 79 -2.3784660093532271 152.02977581780198 5.5116149857694037 17.178091521142562
5 85 -2.4257463376988762 158.03169969665672 5.9117432443597204 17.578219779732876
5 91 -2.2936346999726696 164.0012618875019 6.3097140570827319 17.97619059245589
5 97 -2.0389537367469006 169.931951369693 6.705093355895472 18.371569891268631
5 103 -1.7708576539401879 175.83492235908636 7.0986247551883634 18.765101290561521
5 109 -1.6082806888006449 181.73326810634009 7.4918478050052784 19.158324340378439
5 115 -1.6342332403720723 187.65139322806448 7.8863894797869039 19.552866015160063
5 121 -1.862845444097502 193.60422713850204 8.2832450738160741 19.949721609189233
5 127 -2.2301973786454932 199.59117075916728 8.682374648527091 20.348851183900251
5 133 -2.611817823838456 205.59742029516619 9.0827912842603507 20.749267819633513
5 139 -2.8603002916571487 211.60163449569293 9.4830722309621347 21.14954876633529
5 145 -2.8490646325742817 217.58573483003195 9.8820122532514016 21.54848878862456
5 151 -2.5069071784923991 223.54183019505024 10.279085277585954 21.945561812959113
5 157 -1.8332079833892392 229.4733116178196 10.674517372437245 22.340993907810404
5 163 -0.89146614834743287 235.39066067628869 11.069007309668518 22.735483845041678
5 169 0.21466780808538596 241.30518381632481 11.463308852337594 23.129785387710751
5 175 1.3740855905443614 247.22430555025304 11.857916967932807 23.524393503305966
-1 -179 -3.4729155275382251 254.1465985066867 12.319403165028385 23.985879700401544
-1 -173 -2.4049721839856013 260.10385479966214 12.716553584560081 0.38303011993324176
-1 -167 -1.440634476826971 266.03651915052006 13.112064541283944 0.77854107665710259
-1 -161 -0.57079685255929868 271.95722574375532 13.506778314166294 1.1732548495394504
-1 -155 0.22149872497306192 277.88049015078889 13.901662607968531 1.5681391433416891
-1 -149 0.94942139928166824 283.81396186367198 14.297227388827404 1.9637039242005621
-1 -143 1.6210621463750188 289.75222968218708 14.693111910061743 2.3595884454349019
-1 -137 2.2480938656905747 295.67820945450711 15.088177228216413 2.7546537635895696
-1 -131 2.8580978510331128 301.57318071212194 15.481175312057401 3.1476518474305593
-1 -125 3.5010128215787621 307.43133315212663 15.871718808057715 3.5381953434308713
-1 -119 4.2418045504495838 313.27145354091465 16.261060167310248 3.9275367026834083
-1 -113 5.1376180294831517 319.13926391379931 16.65224752550256 4.3187240608757165
-1 -107 6.2049419907748753 325.09753552896461 17.049465633180247 4.7159421685534042
-1 -101 7.3876298619910106 331.20499350389525 17.456629498175623 5.1231060335487797
-1 -95 8.5394893787252286 337.4890311274396 17.875565339745247 5.5420418751184037
-1 -89 9.4347063115927838 343.92197101097622 18.304427998647686 5.9709045340208462
-1 -83 9.8116756200645714 350.41392001570853 18.737224598963174 6.4037011343363339
-1 -77 9.4399787479266752 356.83206484967798 19.165100921227804 6.8315774566009608
-1 -71 8.1864723351252273 3.0436689511181156 19.579207861323813 7.245684396696972
-1 -65 6.0573669876241558 8.9647861580074153 19.973949008449768 7.6404255438229249
-1 -59 3.205758155631 14.592168017726214 20.349107799097688 8.0155843344708444
-1 -53 -0.095585998800817515 20.006379566106734 20.710055235656387 8.3765317710295459
-1 -47 -3.5106997830572277 25.348990270062256 21.066229282586754 8.7327058179599142
-1 -41 -6.7119005792694253 30.784341167366527 21.428586009073708 9.0950625444468667
-1 -35 -9.443502128703086 36.456633553748489 21.806738834832505 9.4732153702056614
-1 -29 -11.55877825788874 42.451810415317489 22.206417292270437 9.8728938276435958
-1 -23 -13.025665231619266 48.774035490398077 22.627898963942478 10.294375499315636
-1 -17 -13.90729546519279 55.346260801319296 23.066047318003893 10.73252385337705
-1 -11 -14.324926646654252 62.037799877666401 23.512149923093698 11.178626458466857
-1 -5 -14.411722844570214 68.708498779272432 23.956863183200767 11.623339718573925
-1 1 -14.270891451370632 75.249131287989869 0.39290535044859781 12.059381885821756
-1 7 -13.953729515702287 81.601295765690793 0.81638298229532513 12.482859517668484
-1 13 -13.465620674097446 87.7543310712161 1.2265853359970114 12.89306187137017
-1 19 -12.795093279249594 93.729087977418232 1.6249024630771545 13.291378998450313
-1 25 -11.951099184083374 99.560932855947812 2.0136921216457933 13.680168657018951
-1 31 -10.990508442810992 105.28919602804788 2.3955763331191311 14.062052868492289
-1 37 -10.021701937164625 110.95374197777451 2.773212729767573 14.439689265140732
-1 43 -9.1805911598054113 116.59543563408914 3.1493256401885485 14.815802175561707
-1 49 -8.588686435660895 122.25628381738379 3.526715519074858 15.193192054448017
-1 55 -8.3114979157994444 127.97613268436572 3.9080387768736538 15.574515312246811
-1 61 -8.3345807920784107 133.78550025994201 4.2953299485787397 15.961806483951898
-1 67 -8.5662859576653574 139.69708358183982 4.6894355033719268 16.355912038745085
-1 73 -8.8665280870213632 145.70006298814903 5.0896341304592072 16.756110665832367
-1 79 -9.0924606234482077 151.76112661654366 5.4937050390188498 17.160181574392009
-1 85 -9.1455913486148823 157.83405745208262 5.8985670947214466 17.565043630094603
-1 91 -9.0031496320573066 163.87563403791222 6.3013388671100872 17.967815402483247
-1 97 -8.7218877509657418 169.86135920218874 6.7003872113951877 18.366863746768345
-1 103 -8.4131723908436111 175.79359339580481 7.0958694909695925 18.762346026342751
-1 109 -8.1990808220578923 181.69833401740397 7.4895188657428697 19.155995401116026
-1 115 -8.1656455579978946 187.61265499741455 7.8838069310769088 19.550283466450068
-1 121 -8.3295200430852887 193.56898273734478 8.2808954470722576 19.947371982445414
-1 127 -8.6290823287438947 199.58311533091205 8.6818376199767417 20.3483141553499
-1 133 -8.9424454786680041 205.65057480470153 9.0863349182293742 20.752811453602533
-1 139 -9.1252604602178504 211.75179325650322 9.4930828150161535 21.159559350389312
-1 145 -9.054018027611745 217.86250575311115 9.900463648123349 21.566940183496506
-1 151 -8.6596432363408038 223.963554573208 10.307200236129805 21.973676771502962
-1 157 -7.9418055184604306 230.0453186999431 10.712651177912145 22.379127713285303
-1 163 -6.9622706334149047 236.10567601303967 11.11667499878525 22.78315153415841
-1 169 -5.8218100754732216 242.14451446159919 11.519264228689218 23.185740764062377
-1 175 -4.6291953764656757 248.15955089113447 11.920266657324904 23.586743192698062
-7 -179 -9.7221225672082721 255.21020299585962 12.390310130973246 0.056786666346404502
-7 -173 -8.6435996806041615 261.21007203900018 12.790301400515951 0.45677793588911086
-7 -167 -7.650534692877387 267.17453707220216 13.187932402729416 0.85440893810257279
-7 -161 -6.7390942570252079 273.10946269969736 13.583594111229097 1.2500706466022535
-7 -155 -5.9005980048000461 279.0248374212473 13.977952425999092 1.6444289613722489
-7 -149 -5.1301458841788392 284.93041869433057 14.371657844204643 2.0381343795778015
-7 -143 -4.425284804832514 290.829727360265 14.764945088600273 2.4314216239734314
-7 -137 -3.776095463893637 296.71711184979307 15.157437387902144 2.8239139232753026
-7 -131 -3.1533486466005307 302.58163158075831 15.548405369966494 3.2148819053396522
-7 -125 -2.5036902035804149 308.41734418438136 15.937452876874696 3.6039294122478545
-7 -119 -1.7585580805496672 314.23424205973487 16.32524606856493 3.99172260393809
-7 -113 -0.85760216253421673 320.06204583273984 16.713766320098596 4.380242855471753
-7 -107 0.21909362459921206 325.94248876670503 17.105795849029608 4.7722723844027648
-7 -101 1.4202138835511624 331.91167332927057 17.503741486533976 5.1702180219071359
-7 -95 2.6064588820456773 337.97885800742296 17.90822046507747 5.5746970004506267
-7 -89 3.5599792515868507 344.11076272545 18.317014112945937 5.9834906483190977
-7 -83 4.0251410203019455 350.23077590278496 18.725014991434936 6.3914915268080925
-7 -77 3.771459176560668 356.23821917627686 19.125511209667728 6.7919877450408883
-7 -71 2.657107754459739 2.043340586574891 19.512519303687597 7.1789958390607564
-7 -65 0.67178817864406259 7.6039951006790174 19.883229604627871 7.5497061400010317
-7 -59 -2.0519492612152908 12.948045316056067 20.239499618986343 7.905976154359502
-7 -53 -5.2611304873304352 18.173025341316293 20.587831620670357 8.2543081560435159
-7 -47 -8.6347518723362455 23.424551015865429 20.937933332306969 8.6044098676801255
-7 -41 -11.852545002430267 28.860746351491287 21.300346354682024 8.9668228900551821
-7 -35 -14.657486414702035 34.611675614734466 21.683741638898237 9.3502181742713937
-7 -29 -16.893147019400338 40.743587400811386 22.09253575797003 9.7590122933431882
-7 -23 -18.511429198266747 47.238877116764826 22.525555072366927 10.192031607740086
-7 -17 -19.556660933103117 54.001145117643873 22.976372939092197 10.642849474465356
-7 -11 -20.132885978426099 60.886066882419534 23.435367723410575 11.101844258783732
-7 -5 -20.361358925171764 67.745283658989834 23.892648841848594 11.559125377221752
-7 1 -20.340350903217004 74.463269147172696 0.34051454106078533 12.006991076433943
-7 7 -20.122493738403968 80.973607865304302 0.77453712226955906 12.441013657642717
-7 13 -19.718515023490138 87.255221302070979 1.1933113513873386 12.859787886760497
-7 19 -19.123518679466745 93.318686922792978 1.5975423927688042 13.264018928141962
-7 25 -18.351628989915113 99.192972929791594 1.9891614599020462 13.655637995275205
-7 31 -17.461563291037795 104.91762920323804 2.3708052114651421 14.0372817468383
-7 37 -16.5597534761433 110.54024469417493 2.7456462441942677 14.412122779567426
-7 43 -15.777661946810102 116.11603870630198 3.1173658450027384 14.783842380375896
-7 49 -15.232217144390397 121.70575926782203 3.4900138824374078 15.156490417810566
-7 55 -14.98637392055919 127.36928272691954 3.8675821130439081 15.534058648417068
-7 61 -15.026174110583424 133.15478139188917 4.2532820240418836 15.919758559415042
-7 67 -15.263158690331347 139.08606781458633 4.6487011188883605 16.315177654261518
-7 73 -15.561777935464427 145.1531866835663 5.0531757101536927 16.719652245526852
-7 79 -15.783308342848363 151.3124398219567 5.4637925860463854 17.130269121419541
-7 85 -15.83146389627573 157.49936938992144 5.8762545572440352 17.542731092617192
-7 91 -15.682959586287515 163.65134189938635 6.2863860578750295 17.952862593248188
-7 97 -15.391401123361696 169.72987719245532 6.6916217440796268 18.358098279452786
-7 103 -15.06337030421547 175.73241670143156 7.0917910446780432 18.758267580051204
-7 109 -14.816213736177987 181.68918152762848 7.4889086997578378 19.155385235130996
-7 115 -14.733204178766643 187.64821873971653 7.8861778472303738 19.552654382603532
-7 121 -14.831755115888495 193.65597222769603 8.2866947464290082 19.953171281802163
-7 127 -15.055177401258804 199.74093408133081 8.692358870004659 20.358835405377818
-7 133 -15.290084136813638 205.90571770149384 9.1033444446821949 20.76982098005535
-7 139 -15.402332035267706 212.12936911040822 9.5182545386098205 21.184731073982977
-7 145 -15.277731169934054 218.37770872556837 9.9348105129538293 21.601287048326988
-7 151 -14.853122201710736 224.6164875139232 10.350729098844152 22.017205634217309
-7 157 -14.128927729833338 230.82153313316749 10.764398806793771 22.430875342166928
-7 163 -13.161991223141412 236.98218185033556 11.175108721271643 22.841585256644802
-7 169 -12.043553323560957 243.09813566200856 11.582838975383176 23.249315510756333
-7 175 -10.870830986442533 249.17319221651323 11.987842745683487 23.654319281056647
-13 -179 -16.03168874802099 256.42005369942206 12.470966844544076 0.13744337991723299
-13 -173 -14.959088235197866 262.39817512804586 12.869508273118997 0.53598480849215591
-13 -167 -13.961038989900992 268.33903630302433 13.265565684784228 0.9320422201573848
-13 -161 -13.033392338304083 274.25910751959316 13.660237099222149 1.3267136345953077
-13 -155 -12.166964565330193 280.16863022999456 14.054205279915577 1.7206818152887351
-13 -149 -11.356078334371588 286.07081838118467 14.447684489994916 2.1141610253680732
-13 -143 -10.598257420486746 291.96260201726028 14.840470065733291 2.5069466011064492
-13 -137 -9.8857599206945803 297.83686800689412 15.232087798375547 2.8985643337487055
-13 -131 -9.1946487385752604 303.68633288730405 15.622052123736209 3.2885286591093674
-13 -125 -8.479602263258684 309.50861915492209 16.010204541577412 3.6766810769505689
-13 -119 -7.6809628192072426 315.31060782409094 16.397003786188669 4.0634803215618263
-13 -113 -6.7452846190245461 321.10881789235265 16.783551124072783 4.45002765944594
-13 -107 -5.6546004158166694 326.9232602107416 17.171180611965379 4.8376571473385361
-13 -101 -4.455089003280241 332.76541332617842 17.560657486327834 5.2271340217009907
-13 -95 -3.2733572873197514 338.62502314605894 17.951298140986534 5.6177746763596943
-13 -89 -2.3091018741185763 344.46289170116285 18.34048937799346 6.0069659133666207
-13 -83 -1.7993955535737127 350.21588317198677 18.724022142715057 6.390498678088214
-13 -77 -1.9623784238593529 355.81558039321072 19.097335290796654 6.7638118261698104
-13 -71 -2.9389315376347303 1.2151055458712232 19.457303634307351 7.1237801696805123
-13 -65 -4.7512338454722096 6.4136412654045181 19.803872682276239 7.4703492176493986
-13 -59 -7.2891327549268627 11.468739326593642 20.140879219688848 7.8073557550620061
-13 -53 -10.327719381531065 16.491817055899425 20.475751068309233 8.1422276036823913
-13 -47 -13.573237186085587 21.628054867858356 20.818166922439829 8.4846434578129877
-13 -41 -16.725031120911698 27.02542391701158 21.17799152571671 8.8444680610898683
-13 -35 -19.533260625449394 32.799305663012611 21.562916975450111 9.2293935108232699
-13 -29 -21.835383677091695 39.000760012280942 21.976347265401337 9.6428238007744937
-13 -23 -23.566915519051193 45.598414841722324 22.416190920697428 10.082667456070586
-13 -17 -24.750963456739342 52.483386471604476 22.875189029356239 10.541665564729396
-13 -11 -25.471705991554067 59.499129653058134 23.342905241453149 11.009381776826306
-13 -5 -25.837145956870167 66.485208606689838 23.808643838361927 11.475120373735086
-13 1 -25.941481321460753 73.315788142745589 0.26401580743231157 11.93049234280547
-13 7 -25.841284705291677 79.91820137817453 0.70417668979424097 12.370653225167398
-13 13 -25.554954282581672 86.270103599187237 1.1276368378617538 12.794113373234913
-13 19 -25.083609852303333 92.384320365470913 1.5352512889473322 13.201727824320491
-13 25 -24.441596205201677 98.292692305030201 1.929142751584618 13.595619286957776
-13 31 -23.680916319258099 104.03624848669651 2.3120464970290393 13.978523032402197
-13 37 -22.896755788450506 109.66313405336267 2.6871722014734511 14.35364873684661
-13 43 -22.209615927105926 115.23060131248037 3.0583366854146297 14.724813220787787
-13 49 -21.730520495637343 120.80508233730231 3.4299687537360928 15.096445289109251
-13 55 -21.523922502709496 126.45588588673145 3.8066889903647025 15.47316552573786
-13 61 -21.583849388731092 132.24215829065975 4.1924404839599223 15.858917019333081
-13 67 -21.833057351466532 138.19708861942115 4.5894358392106822 16.25591237458384
-13 73 -22.146512450814207 144.31619976731054 4.9973765824033078 16.663853117776465
-13 79 -22.392081829412668 150.55652191784316 5.4133980591054831 17.079874594478643
-13 85 -22.474356865203543 156.84951347102103 5.8329308293173403 17.499407364690502
-13 91 -22.365071944926516 163.12410204723068 6.2512367343979838 17.917713269771141
-13 97 -22.108366047503029 169.33080490345836 6.6650169248131625 18.331493460186319
-13 103 -21.799459559000013 175.45694817245803 7.0734264760798071 18.739903011452967
-13 109 -21.545769005128303 181.52729806134968 7.4781164686725843 19.144593004045745
-13 115 -21.425328996810588 187.59123547142747 7.8823789626777705 19.54885549805093
-13 121 -21.45718875286995 193.7027355624673 8.289812302080426 19.956288837453585
-13 127 -21.593403865239267 199.90091615434784 8.7030243415391286 20.369500876912287
-13 133 -21.734397183981542 206.19764740910443 9.1228064251895677 20.789282960562726
-13 139 -21.761109605266263 212.57561664233015 9.5480043740712812 21.21448090944444
-13 145 -21.571556112983735 218.99605713671755 9.9760337403637767 21.642510275736935
-13 151 -21.108932366579211 225.4118235826397 10.403751503425251 22.070228038798412
-13 157 -20.37322306101369 231.78027126499123 10.828314682248687 22.494791217621849
-13 163 -19.415099095813297 238.0717800471235 11.247748601057506 22.914225136430666
-13 169 -18.316418290020685 244.27277933254862 11.66114855341918 23.327625088792338
-13 175 -17.164897032606515 250.38462610935852 12.068605005206507 23.735081540579664
-19 -179 -22.430906554669324 257.8541621361145 12.566574073656906 0.23305060903006236
-19 -173 -21.316344059812707 263.85404672606387 12.96656637965353 0.63304291502668875
-19 -167 -20.261874697707491 269.77556756609403 13.361334435655541 1.0278109710286998
-19 -161 -19.274136285056311 275.64800610390387 13.752830338176198 1.4193068735493561
-19 -155 -18.351788714246762 281.49976057450533 14.142947302882961 1.8094238382561194
-19 -149 -17.49079838129315 287.35064320552192 14.533006144950734 2.1994826803238929
-19 -143 -16.684482535464234 293.20704840952567 14.923433158550983 2.5899096939241417
-19 -137 -15.918692001358783 299.0629201136453 15.313824605492293 2.9803011408654498
-19 -131 -15.165797523971019 304.90605321182517 15.703366812037617 3.3698433474107752
-19 -125 -14.382981919964983 310.72590014025877 16.091356607266523 3.7578331426396829
-19 -119 -13.519429641457489 316.51841418517228 16.477524210260757 4.1440007456339139
-19 -113 -12.533508197078113 322.28537605159232 16.86198833468876 4.5284648700619172
-19 -107 -11.41656357229791 328.02836232767572 17.244854086427654 4.9113306218008113
-19 -101 -10.216098072545488 333.73993726493228 17.625625748911425 5.2921022842845815
-19 -95 -9.0486802400183528 339.39640067876888 18.002723309833865 5.6691998452070216
-19 -89 -8.093269480355648 344.9568761078263 18.373421671771027 6.0398982071441836
-19 -83 -7.5610077884554805 350.37179455998881 18.734416235248528 6.4008927706216845
-19 -77 -7.6475879030617504 355.59987673933 19.082955047204607 6.7494315825777633
-19 -71 -8.4830184441626528 0.62827642356324831 19.418181692820156 7.0846582281933141
-19 -65 -10.094557308096856 5.4883847494673859 19.7421889145471 7.4086654499202558
-19 -59 -12.392972880231483 10.261260604045948 20.06038063818567 7.7268571735588267
-19 -53 -15.185916230940601 15.070257925023901 20.380980459584197 8.047456994957356
-19 -47 -18.216044051687334 20.061692041236164 20.713742733998352 8.3802192693715085
-19 -41 -21.213492771761153 25.376508647081124 21.068063841054681 8.7345403764278391
-19 -35 -23.946153561657592 31.117735430280163 21.450812293267951 9.117288828641108
-19 -29 -26.253709298628888 37.321109325388548 21.864370552941843 9.5308470883149994
-19 -23 -28.06076050132042 43.93937103995961 22.305588000579913 9.9720645359530717
-19 -17 -29.371301821065622 50.850381103694261 22.76632200482889 10.432798540202047
-19 -11 -30.247840379112258 57.890447385613136 23.235659756956814 10.902136292329972
-19 -5 -30.779452195528901 64.899782692519409 23.702948777417234 11.369425312790391
-19 1 -31.047985321966596 71.75897384123958 0.16022818733191191 11.82670472270507
-19 7 -31.105399481798692 78.402243548722481 0.60311283449743769 12.269589369870596
-19 13 -30.971503662817273 84.808915666360591 1.0302243090066441 12.696700844379802
-19 19 -30.651389113818599 90.985501709217147 1.4419967118637487 13.108473247236907
-19 25 -30.1623475797483 96.951344321849348 1.8397195527058954 13.506196088079054
-19 31 -29.555898999934563 102.7343528078946 2.2252534517755787 13.891729987148738
-19 37 -28.922802750636261 108.37536014404472 2.6013206075189204 14.267797142892078
-19 43 -28.376606136136651 113.93377573399709 2.9718816468490785 14.638358182222238
-19 49 -28.021463813752188 119.48667338247134 3.3420748234140283 15.008551358787185
-19 55 -27.917631095169018 125.11846312505148 3.7175274729193708 15.384004008292528
-19 61 -28.059140549456391 130.90413993690689 4.1032392603763981 15.769715795749557
-19 67 -28.373011331469737 136.8914294118733 4.5023918920408255 16.168868427413983
-19 73 -28.741289379796285 143.08703918354973 4.9154325434859212 16.581909078859081
-19 79 -29.03903327135238 149.45231901974839 5.3397845325658313 17.00626106793899
-19 85 -29.174929768527495 155.91285953849328 5.7704872338154907 17.436963769188651
-19 91 -29.119303284075809 162.38198578814891 6.2017623171258665 17.868238852499022
-19 97 -28.908972433761992 168.79031038578665 6.6289839569683826 18.29546049234154
-19 103 -28.627989349033228 175.10828204569182 7.050182067628727 18.716658603001882
-19 109 -28.372782401639558 181.3516513591336 7.4664066885248452 19.132883223898002
-19 115 -28.215209569534135 187.56922229916108 7.8809114178600108 19.547387953233169
-19 121 -28.17639265051784 193.82040052493142 8.2976566329113659 19.964133168284526
-19 127 -28.21943067755554 200.15229420634748 8.7197828783391049 20.386259413712263
-19 133 -28.262201636456922 206.58416439932512 9.1485742245376134 20.815050759910772
-19 139 -28.204421736568293 213.10335368551532 9.5831868436169607 21.249663378990121
-19 145 -27.958436930028341 219.67223371487199 10.021112178907405 21.687588714280562
-19 151 -27.473014301445428 226.24159569139377 10.459069644008856 22.125546179382013
-19 157 -26.743496931263028 232.76418013006941 10.893908606587233 22.560385141960392
-19 163 -25.807478056841319 239.20343234437559 11.323192087540978 22.989668622914134
-19 169 -24.729818612428286 245.53631361839228 11.745384172475424 23.411860707848582
-19 175 -23.583223177974329 251.75264840786852 12.159806491773841 23.826283027146996
-25 -179 -28.912716024648521 259.44691931070975 12.672757885296589 0.33923442066974729
-25 -173 -27.779434537762853 265.51468295534289 13.077275461605465 0.74375199697862371
-25 -167 -26.671544186995199 271.48937376371845 13.475588182163836 1.1420647175369929
-25 -161 -25.601888184012754 277.38904513331846 13.868899606803836 1.5353761421769931
-25 -155 -24.579571705484511 283.23523874958971 14.258645847888586 1.9251223832617441
-25 -149 -23.611332661990925 289.05050311416585 14.646330138860328 2.3128066742334887
-25 -143 -22.698673314698585 294.85352837086896 15.033198489307203 2.69967502468036
-25 -137 -21.832355281942487 300.65418625620828 15.41990901499649 3.0863855503696485
-25 -131 -20.98791389150017 306.45133219711357 15.806385411056844 3.472861946430001
-25 -125 -20.126361142565919 312.23459842182478 16.191936492704258 3.8584130280774147
-25 -119 -19.202797049226035 317.9885169774123 16.57553106307676 4.2420075984499164
-25 -113 -18.182712832870152 323.69561397044464 16.956004195945582 4.6224807313187384
-25 -107 -17.06249437633031 329.3362585636595 17.332047168826573 4.9985237041997301
-25 -101 -15.88799681909788 334.88606360015666 17.702034171259715 5.3685107066328754
-25 -95 -14.763648172051358 340.31407951327594 18.063901898801003 5.7303784341741597
-25 -89 -13.845357010305751 345.58528852026956 18.415315832600577 6.0817923679737333
-25 -83 -13.314908083631281 350.6689822936263 18.75422875082436 6.4207052861975171
-25 -77 -13.340901106605099 355.55156537561629 19.079734289623691 6.7462108249968509
-25 -71 -14.037530590969977 0.2497345374144537 19.3929455670769 7.0594221024500605
-25 -65 -15.43351003483585 4.819188168756658 19.697575809166381 7.3640523445395409
-25 -59 -17.459694153331604 9.3552045338671856 19.999976900173749 7.6664534355469094
-25 -53 -19.958815950097136 13.983547884187734 20.308533123528456 7.9750096589016133
-25 -47 -22.715308276066523 18.842191515786833 20.632442698968394 8.2989192343415521
-25 -41 -25.497002499903179 24.056167624466823 20.980041106213726 8.6465176415868843
-25 -35 -28.096313870606437 29.709864716737496 21.356954245698439 9.0234307810715979
-25 -29 -30.360242492029162 35.823621521883915 21.764538032708202 9.4310145680813591
-25 -23 -32.20469680398142 42.343610151198277 22.199203941329156 9.8656804767023161
-25 -17 -33.613466454078129 49.152350275399364 22.653119949609231 10.319596484982387
-25 -11 -34.623576455283597 56.098878478894989 23.116221829842271 10.782698365215429
-25 -5 -35.300481948658003 63.036480039225907 23.578728600531001 11.245205135904159
-25 1 -35.710813443759534 69.851468424322022 0.033061159537408 11.699537694910566
-25 7 -35.903296132737673 76.473448576806604 0.47452650303638017 12.141003038409538
-25 13 -35.905418401760258 82.869728076050961 0.90094513631933637 12.567421671692495
-25 19 -35.735430756673345 89.03413036531596 1.311905288937002 12.97838182431016
-25 25 -35.421588977233448 94.979433583837206 1.7082588368384184 13.374735372211576
-25 31 -35.017344763221764 100.73621568744652 2.0920443104123745 13.758520845785533
-25 37 -34.603358541399601 106.35472329154098 2.4666114840186708 14.133088019391829
-25 43 -34.273519647358377 111.90457782523298 2.8366017862648052 14.503078321637963
-25 49 -34.109824733712117 117.46961555921733 3.2076043018637619 14.874080837236921
-25 55 -34.156281705805725 123.13804440168447 3.5854995580282369 15.251976093401394
-25 61 -34.402524530713173 128.98863096669317 3.9755386623621498 15.642015197735308
-25 67 -34.784053102417097 135.0737878890516 4.3812157905193789 16.047692325892537
-25 73 -35.200175774337225 141.40336386904315 4.8031875225188152 16.469664057891972
-25 79 -35.544570912506579 147.93722308681035 5.2387781370366291 16.905254672409786
-25 85 -35.738270836740533 154.59460932879492 5.6826038865022666 17.349080421875428
-25 91 -35.752970381005362 161.28046268974705 6.1283274438990762 17.794803979272235
-25 97 -35.615782325104945 167.91794147435658 6.5708260295397114 18.237302564912866
-25 103 -35.394096656931694 174.47181031141685 7.0077506186770622 18.674227154050222
-25 109 -35.167222784314248 180.95323691209541 7.4398457253889658 19.106322260762123
-25 115 -34.995952334154779 187.40718833880362 7.8701091538361805 19.536585689209339
-25 121 -34.900738532045402 193.89042417130585 8.3023248760029951 19.968801411376155
-25 127 -34.8551922312922 200.44874596160182 8.7395463286893929 20.406022864062553
-25 133 -34.795948411691917 207.1002782750364 9.182981816251699 20.849458351624857
-25 139 -34.644252860257851 213.8293984044509 9.6315898248793328 21.298066360252491
-25 145 -34.330752253202775 220.59259963423122 10.082469906864686 21.748946442237845
-25 151 -33.814655537217313 227.33316339940598 10.531840824543004 22.198317359916164
-25 157 -33.091674992010127 233.99819890457667 10.976176524887716 22.642653060260876
-25 163 -32.190068324536156 240.55114867399368 11.413039842848852 23.07951637822201
-25 169 -31.158341628885715 246.97562748995594 11.841338430579668 23.507814965952829
-25 175 -30.050278818845531 253.27134516233934 12.261052942071895 23.927529477445052
-31 -179 -35.22428564784817 261.39375115320598 12.802546674796337 0.469023210169496
-31 -173 -34.078512696310113 267.47327984525367 13.207848587599518 0.87432512297267451
-31 -167 -32.949188966635482 273.45404300264028 13.606566131425291 1.2730426667984496
-31 -161 -31.84455337988766 279.36398186178644 14.000562055368368 1.6670385907415266
-31 -155 -30.768900512774021 285.22297277403004 14.391161449517941 2.0576379848910982
-31 -149 -29.725433010694488 291.04421749992025 14.779244431243956 2.4457209666171131
-31 -143 -28.715411364573338 296.83668863827108 15.165409173800677 2.8318857091738359
-31 -137 -27.734304413292254 302.60592009539857 15.550024604275844 3.2165011396490009
-31 -131 -26.767850076230612 308.35256981980126 15.933134585902689 3.5996111212758493
-31 -125 -25.791773412103179 314.07000380455713 16.314296851553081 3.9807733869262378
-31 -119 -24.77783049480497 319.74257011650559 16.692467939016311 4.358944474389471
-31 -113 -23.706267744876115 325.34555778898232 17.06600045051476 4.7324769858879172
-31 -107 -22.58180549779793 330.84694670104062 17.432759711318646 5.099236246691806
-31 -101 -21.447944876136365 336.2106828120896 17.790342118721913 5.4568186540950698
-31 -95 -20.393497060856383 341.40143583884685 18.136392320505728 5.8028688558788879
-31 -89 -19.546408307783111 346.39101647308183 18.46903102945473 6.1355075648278863
-31 -83 -19.053624258805467 351.16624140881549 18.787379358503639 6.4538558938767956
-31 -77 -19.050990610476735 355.73709200574302 19.092102731632142 6.7585792670052989
-31 -71 -19.63141278541406 0.14316260653869797 19.385840771685185 7.0523173070583436
-31 -65 -20.820349258079645 4.4562141222726037 19.673377539400779 7.3398540747739371
-31 -59 -22.56532670163471 8.777156427257836 19.961440359733128 7.6279168951062859
-31 -53 -24.742306385178679 13.226642733456586 20.258072780146378 7.9245493155195366
-31 -47 -27.177391278273245 17.929484359637204 20.571595555225088 8.2380720905982443
-31 -41 -29.678000233968646 22.994325102940124 20.909251604778614 8.5757281401517726
-31 -35 -32.065000350941666 28.491590255988609 21.27573594831518 8.9422124836883388
-31 -29 -34.19823393084134 34.434821845946026 21.671951387645674 9.3384279230188323
-31 -23 -35.991346489235745 40.772398654638522 22.094456508225175 9.7609330435983317
-31 -17 -37.41472066658384 47.395710659431955 22.536010641878068 10.202487177251227
-31 -11 -38.486755729415947 54.16389071496134 22.987222645580026 10.653699180953186
-31 -5 -39.255795147876455 60.936623920838741 23.438738192638521 11.10521472801168
-31 1 -39.778570603469056 67.601984812745229 23.883095585432287 11.549572120805445
-31 7 -40.103358318286091 74.089901404527581 0.31562335821777765 11.982099893590936
-31 13 -40.264090634963907 80.370680610169927 0.73434197192726747 12.400818507300425
-31 19 -40.286071265044107 86.445088698709526 1.1393025111632407 12.805779046536399
-31 25 -40.198266212423533 92.333815349593507 1.5318842878888403 13.198360823261998
-31 31 -40.044374609235568 98.071126198035202 1.9143716777849515 13.580848213158109
-31 37 -39.885830634370578 103.70351989676162 2.289864591033381 13.956341126406539
-31 43 -39.793762349482357 109.29120195057344 2.662376727954169 14.328853263327327
-31 49 -39.832026017170868 114.90839325705859 3.0368561483865126 14.703332683759671
-31 55 -40.037580371902123 120.63811087388329 3.4188373228414926 15.085313858214651
-31 61 -40.40601053277863 126.55915694707097 3.8135737277206707 15.480050263093828
-31 67 -40.888599942296018 132.72782781988317 4.2248184525748176 15.891294987947976
-31 73 -41.403615879593801 139.16146729704215 4.6537277510520827 16.320204286425241
-31 79 -41.859383556385438 145.83164843957496 5.0984064938876035 16.764883029260762
-31 85 -42.181695519800904 152.67115903379616 5.5543738668356832 17.220850402208839
-31 91 -42.335360494632461 159.59365034363185 6.015873287491396 17.682349822864555
-31 97 -42.331349623729693 166.51964075709657 6.4776059817223768 18.144082517095534
-31 103 -42.216999663556813 173.39915110599307 6.9362400049821433 18.602716540355299
-31 109 -42.054001086748592 180.22218830950027 7.3911091518826231 19.057585687255781
-31 115 -41.893397089270074 187.01401165056953 7.8438973746205738 19.510373909993731
-31 121 -41.756776746798224 193.81871304120131 8.2975441339960252 19.964020669369184
-31 127 -41.62944969135981 200.67809393187642 8.7548361933743664 20.421312728747527
-31 133 -41.466713902934671 207.61304137335753 9.2171660228064418 20.883642558179599
-31 139 -41.2098596931882 214.61316066868233 9.6838406424947614 21.350317177867918
-31 145 -40.805535936614994 221.63755951631512 10.152133899003614 21.818610434376772
-31 151 -40.22161552265856 228.62569356610152 10.618009502322707 22.284486037695864
-31 157 -39.454797142576346 235.51370992037675 11.077210592607722 22.743687127980881
-31 163 -38.528712246484794 242.25032622217753 11.526318346061108 23.192794881434267
-31 169 -37.48470081489144 248.80729460384009 11.963449571505278 23.629926106878436
-31 175 -36.369489616236471 255.18214375259308 12.388439514755477 0.054916050128635874
-37 -179 -41.496011461578036 263.78249828706282 12.961796483720127 0.62827301909328526
-37 -173 -40.27248582322693 269.93566413917409 13.372007540527544 1.0384840759007048
-37 -167 -39.060211296862754 275.93707060374788 13.772101304832464 1.4385778402056211
-37 -161 -37.876344837290382 281.8285006764379 14.164863309678465 1.8313398450516232
-37 -155 -36.729457362289985 287.6494858373643 14.552928987073559 2.2194055224467171
-37 -149 -35.620663198269455 293.42910334090084 14.938236820642661 2.604713356015818
-37 -143 -34.544683374223965 299.18169339840694 15.3217428244764 2.988219359849559
-37 -137 -33.490521736114516 304.90755627808596 15.703467016455003 3.3699435518281611
-37 -131 -32.442362722204493 310.59662623070085 16.082738346629331 3.7492148820024873
-37 -125 -31.382032230172037 316.23191294411066 16.458424127523315 4.1249006628964757
-37 -119 -30.294280656686826 321.79101170144929 16.82903071134589 4.4955072467190504
-37 -113 -29.17505663860624 327.24630662206079 17.192717039386658 4.8591935747598178
-37 -107 -28.041232595243894 332.56568737111343 17.547342422656833 5.213818958029993
-37 -101 -26.938655952334926 337.71533818147088 17.890652476680664 5.5571290120538244
-37 -95 -25.94470495386863 342.66508570114007 18.220635644658611 5.8871121800317674
-37 -89 -25.162331165941534 347.39561015924488 18.536003941865598 6.2024804772387547
-37 -83 -24.705003053594005 351.90600591073206 18.836696991964743 6.5031735273378999
-37 -77 -24.675262847484444 356.21993963231324 19.124292573403487 6.7907691087766473
-37 -71 -25.142237658994411 0.3889251945023387 19.402224944216094 7.0687014795892527
-37 -65 -26.124131726822863 4.4917239381225986 19.675744860457446 7.3422213958306042
-37 -59 -27.580397349636009 8.6293140757316866 19.951584202964717 7.618060738337876
-37 -53 -29.415732182546005 12.915222386349722 20.237311423672587 7.9037879590457454
-37 -47 -31.495014404322401 17.46146974167268 20.540394580694119 8.2068711160672763
-37 -41 -33.665423029727627 22.361182999371888 20.867042131207398 8.5335186665805569
-37 -35 -35.780322698116322 27.670308338287867 21.220983820468462 8.8874603558416219
-37 -29 -37.719756462646842 33.392876855313965 21.602488388270203 9.2689649236433613
-37 -23 -39.403969181542571 39.475889331956537 22.008022553379707 9.6744990887528655
-37 -17 -40.79796804275697 45.818670766042999 22.430874648985473 10.097351184358631
-37 -11 -41.906533272760001 52.295970863783189 22.862694655501485 10.529171190874644
-37 -5 -42.761282001592058 58.786721152529232 23.295411341417886 10.961887876791046
-37 1 -43.404338359688985 65.196960261443152 23.722760615345482 11.389237150718641
-37 7 -43.874919996368071 71.469300263925476 0.14091661551097065 11.807393150884129
-37 13 -44.203811981249537 77.579411509715939 0.54825736523033586 12.214733900603495
-37 19 -44.4166606881262 83.526172163076765 0.94470807545438906 12.611184610827546
-37 25 -44.542630746468681 89.323061191025729 1.3311673439843199 12.997643879357478
-37 31 -44.622479853985446 94.995236469256966 1.7093123625330691 13.375788897906228
-37 37 -44.710451546950381 100.58215625580119 2.0817736816360175 13.748250217009176
-37 43 -44.867260663441442 106.1415547022884 2.4524002447351658 14.118876780108325
-37 49 -45.145648870271224 111.74908685779388 2.8262357217688647 14.492712257142022
-37 55 -45.573724033325199 117.49058412512782 3.2090022062577948 14.875478741630953
-37 61 -46.142881149118374 123.448693686308 3.6062095103364724 15.27268604570963
-37 67 -46.805842380670228 129.68797166366832 4.0221613754938268 15.688637910866985
-37 73 -47.486827467744291 136.24113331927634 4.4590388192010284 16.125515354574187
-37 79 -48.101398169808256 143.09849656537205 4.9161963689407422 16.582672904313899
-37 85 -48.579595842473331 150.20522711339126 5.3899784054753566 17.056454940848514
-37 91 -48.884127248818665 157.47242278590124 5.8744581169760215 17.540934652349179
-37 97 -49.016825361480088 164.80253848353141 6.3631324968180332 18.029609032191193
-37 103 -49.011356784832117 172.1192644833871 6.8509142301417452 18.517390765514904
-37 109 -48.915931349284698 179.38685895074872 7.3354205279658533 19.001897063339012
-37 115 -48.773410955490377 186.61023897036242 7.8169791959401005 19.483455731313256
-37 121 -48.606130707788118 193.81886876140808 8.297554515343144 19.964031050716304
-37 127 -48.409856305532955 201.04462267690309 8.7792714430428109 20.445747978415969
-37 133 -48.157517376599372 208.30347716607844 9.263195075654501 20.929671611027661
-37 139 -47.810071683935874 215.58656641982853 9.7487343592378402 21.415210894610997
-37 145 -47.3299158621057 222.86125706205141 10.233713735386033 21.900190270759193
-37 151 -46.692181640604083 230.07924564136169 10.714912974006719 22.381389509379876
-37 157 -45.890870722120141 237.18735821387585 11.188787145507662 22.855263680880821
-37 163 -44.939136579343092 244.13765170425711 11.652140044866412 23.318616580239571
-37 169 -43.864999022854448 250.89513637057735 12.102639022621096 23.769115557994255
-37 175 -42.70472354830617 257.44260908667866 12.539137203694516 0.20561373906767599
-43 -179 -47.733378045491492 266.62436893613045 13.151254526991302 0.81773106236446225
-43 -173 -46.472497375847446 272.88859916277727 13.568869875434423 1.2353464108075833
-43 -167 -45.19478227070411 278.972341494131 13.974452697524672 1.6409292328978289
-43 -161 -43.919658281072977 284.90247187520936 14.369794722929896 2.0362712583030529
-43 -155 -42.664072973959016 290.71158964801214 14.757069241116747 2.423545776489906
-43 -149 -41.439986368453695 296.43276111196064 15.138480672046649 2.8049572074198075
-43 -143 -40.252016431367451 302.09226942507343 15.515781226254168 3.1822577616273264
-43 -137 -39.096517213723743 307.70305131176872 15.889833352033854 3.5563098874070107
-43 -131 -37.963017412301475 313.26149091355416 16.260395992152883 3.9268725275260401
-43 -125 -36.838316210047651 318.74879889763082 16.62621652442466 4.2926930597978199
-43 -119 -35.712822293750953 324.13593827203914 16.985359149385214 4.6518356847583746
-43 -113 -34.588030476143764 329.38969374216936 17.335609514060561 5.0020860494337214
-43 -107 -33.483436859276878 334.47801928195332 17.674831216712828 5.3413077520859851
-43 -101 -32.440839830456696 339.37433244552039 18.001252094283966 5.6677286296571232
-43 -95 -31.524080096801359 344.06140459950956 18.313723571216578 5.9802001065897343
-43 -89 -30.813047547214424 348.53537494056218 18.611988260620084 6.2784647959932407
-43 -83 -30.392224665074366 352.80969857702007 18.896943169717279 6.5634197050904355
-43 -77 -30.335754472785354 356.91821165471617 19.170844041563683 6.8373205769368433
-43 -71 -30.692331711935086 0.91627306390012786 19.437381468842613 7.1038580042157715
-43 -65 -31.473554107816859 4.8790771530276187 19.70156840811778 7.368044943490939
-43 -59 -32.648635358345452 8.8965683261257791 19.96940115299099 7.6358776883641486
-43 -53 -34.146869249623741 13.064838142330771 20.247285807404655 7.9137623427778152
-43 -47 -35.867373614961373 17.474454172531569 20.541260209418045 8.2077367447912017
-43 -41 -37.693925104332877 22.196932438612766 20.856092093823456 8.5225686291966145
-43 -35 -39.511653925925003 27.271619305766091 21.194404551633678 8.8608810870068364
-43 -29 -41.222267947913586 32.696420556971404 21.556057968380699 9.2225345037538577
-43 -23 -42.755062766204887 38.426223734230469 21.938044846864635 9.6045213822377953
-43 -17 -44.071846603490719 44.381240207721241 22.335045945097356 10.001522480470515
-43 -11 -45.165103132627706 50.463696009744851 22.740542998565598 10.407019533938755
-43 -5 -46.050490115212192 56.577370878942233 23.148121323178756 10.814597858551913
-43 1 -46.75672925956205 62.643351555371353 23.552520034940695 11.218996570313854
-43 7 -47.316872696408652 68.608014801678408 23.950164251361166 11.616640786734324
-43 13 -47.763905145378168 74.443653740469784 0.33920684728059125 12.00568338265375
-43 19 -48.131071969799095 80.145212345941673 0.71931075431205049 12.385787289685208
-43 25 -48.454709663318937 85.72676414058769 1.0914142072884525 12.75789074266161
-43 31 -48.776112224777599 91.2194065663233 1.4575903690041589 13.124066904377317
-43 37 -49.139607562175414 96.670078708093953 1.8209685117888701 13.487445047162028
-43 43 -49.586107626372453 102.14002794834423 2.1856317944722208 13.852108329845379
-43 49 -50.143875900097868 107.70225460530934 2.5564469049365623 14.222923440309721
-43 55 -50.819900632493329 113.43769792985348 2.9388097932395039 14.605286328612662
-43 61 -51.595303514405906 119.42892391492332 3.3382248589108259 15.004701394283984
-43 67 -52.426821835543137 125.74876066568841 3.759547308961833 15.42602384433499
-43 73 -53.254461472722426 132.44298756393817 4.2058291021784839 15.872305637551642
-43 79 -54.013686283312708 139.51249208923352 4.6771294038648401 16.343605939238
-43 85 -54.649146102810697 146.90647643825758 5.1700616937997781 16.836538229172938
-43 91 -55.126022477444025 154.53534544279162 5.678652960768714 17.345129496141869
-43 97 -55.435204522661692 162.29897702761022 6.1962283997566203 17.862704935129781
-43 103 -55.590364724192796 170.11538919289495 6.7173225441089359 18.383799079482095
-43 109 -55.618142861207872 177.93651427888105 7.2387308831746759 18.905207418547835
-43 115 -55.545423952600181 185.74741466344182 7.7594575754787263 19.425934110851884
-43 121 -55.388610571884698 193.55302828138255 8.2798318166747755 19.946308352047936
-43 127 -55.148587798316768 201.35955573856367 8.8002669804868496 20.46674351586001
-43 133 -54.812548080183028 209.15818081614177 9.3201753189920566 20.986651854365217
-43 139 -54.361088349643261 216.91771387187293 9.8374775227074682 21.503954058080627
-43 145 -53.777089963975627 224.58889002373957 10.348889266165243 22.015365801538401
-43 151 -53.052635552140579 232.11729687012127 10.850783055924023 22.517259591297183
-43 157 -52.191653148835677 239.45769528355243 11.340142950152767 23.006619485525924
-43 163 -51.208259686945922 246.58264422531715 11.815139546270416 23.481616081643573
-43 169 -50.122663475931532 253.48259969261312 12.27513657742348 23.941613112796638
-43 175 -48.957086089751513 260.16018495845509 12.720308928479612 0.38678546385277102
-49 -179 -53.686714493446416 270.35098401437892 13.399695532207867 1.0661720675810251
-49 -173 -52.393370729399351 276.62496511744831 13.81796093907916 1.4844374744523172
-49 -167 -51.095831880331104 282.71005453357407 14.223633566820876 1.8901101021940363
-49 -161 -49.798658480304312 288.63320975191266 14.618510581376784 2.2849871167499423
-49 -155 -48.505600832355782 294.41449294057372 15.003929460620855 2.6704059959940132
-49 -149 -47.221383304998433 300.07150574888061 15.381063647841312 3.0475401832144726
-49 -143 -45.951501021897798 305.62047890150609 15.750995191349679 3.4174717267228374
-49 -137 -44.700883580140008 311.07348034850992 16.114528621149933 3.78100515652309
-49 -131 -43.472939130889785 316.43407864943799 16.471901841211807 4.1383783765849635
-49 -125 -42.270268205854855 321.69433639420845 16.822585690863168 4.489062226236328
-49 -119 -41.097461048185579 326.83507694268235 17.165301727428094 4.8317782628012544
-49 -113 -39.965340401968739 331.82981831082606 17.498284485304342 5.1647610206774992
-49 -107 -38.895226983299672 336.65121802538067 17.819711132941318 5.486187668314475
-49 -101 -37.921537823428856 341.27802505910245 18.128164935189435 5.7946414705625919
-49 -95 -37.091322552486353 345.70077442590554 18.423014892976308 6.089491428349465
-49 -89 -36.46009600407546 349.92541051454054 18.704657298885309 6.3711338342584654
-49 -83 -36.084332919078825 353.9748981256601 18.974623139626612 6.6410996749997722
-49 -77 -36.011972704007761 357.88919236413693 19.235576088858402 6.9020526242315583
-49 -71 -36.272944048108464 1.7237672340702319 19.491214413520623 7.1576909488937792
-49 -65 -36.871856471326872 5.5466058948219343 19.746070324237401 7.4125468596105595
-49 -59 -37.784585816270031 9.4334224754230362 20.005191429610807 7.6716679649839667
-49 -53 -38.959632787570058 13.461006623512331 20.273697039483427 7.940173574856586
-49 -47 -40.324088014521166 17.698919846311856 20.556224587670062 8.2227011230432208
-49 -41 -41.793068282879126 22.200293347747841 20.856316154432463 8.5227926898056197
-49 -35 -43.280837530866734 26.993169430459982 21.175841226613272 8.8423177619864308
-49 -29 -44.711591013710773 32.074522139716429 21.514598073897034 9.1810746092701923
-49 -23 -46.028001779485336 37.409288702684869 21.87024917809493 9.5367257134680887
-49 -17 -47.196042311337386 42.93585393612009 22.238686860323945 9.9051633956971035
-49 -11 -48.205354549776487 48.57741286461755 22.614790788890442 10.281267324263601
-49 -5 -49.065555625966986 54.256357791939202 22.993387117378553 10.65986365275171
-49 1 -49.800016789970947 59.907589425760321 23.370135892966626 11.036612428339785
-49 7 -50.439257650891534 65.487200199348379 23.742109944539163 11.408586479912321
-49 13 -51.015781508215149 70.975039809062409 0.10796591852010048 11.774442453893259
-49 19 -51.561141748361798 76.37220567698327 0.46777697638149029 12.134253511754649
-49 25 -52.104894280816559 81.696311961054704 0.82271739531958588 12.489193930692744
-49 31 -52.674407375967974 86.977673895374863 1.1748081909409298 12.841284726314088
-49 37 -53.294434347339411 92.258276182817099 1.5268483434370788 13.193324878810238
-49 43 -53.985733439085848 97.593282987025617 1.8825154637176467 13.548991999090806
-49 49 -54.762550276963402 103.05273108616387 2.246478670326864 13.912955205700023
-49 55 -55.629252861395507 108.71963433918967 2.6242722205285833 14.290748755901742
-49 61 -56.576817844047049 114.68121796559602 3.0217111289556744 14.688187664328833
-49 67 -57.580320451462747 121.01376098610707 3.4438806636564094 15.110357199029568
-49 73 -58.598998034523134 127.76696384440716 3.8940941875430828 15.560570722916241
-49 79 -59.580338836962028 134.95517120602366 4.3733080116508498 16.039784547024009
-49 85 -60.468420067106315 142.55751465124683 4.8801309079990611 16.546607443372221
-49 91 -61.214554920564169 150.52328426731404 5.4111822157368747 17.077658751110032
-49 97 -61.78647243193997 158.77915552995637 5.9615736332463634 17.62805016861952
-49 103 -62.172254533582766 167.23877994142453 6.5255485940109077 18.192025129384067
-49 109 -62.3774500153608 175.81598213495562 7.0973620735796468 18.763838608952806
-49 115 -62.416937612681274 184.43872613576525 7.6722116736336226 19.338688209006779
-49 121 -62.305372312617152 193.05691047709044 8.2467572963886351 19.913233831761794
-49 127 -62.050312227295322 201.63848820869504 8.8188624784956087 20.485339013868767
-49 133 -61.650530026293367 210.15551454402143 9.3866642341840336 21.053140769557196
-49 139 -61.099548694241641 218.56891877092562 9.9475578493109804 21.614034384684139
-49 145 -60.392264416715726 226.8221939525032 10.497776194749486 22.164252730122644
-49 151 -59.531463164612731 234.84851759299667 11.032864437449051 22.69934097282221
-49 157 -58.531373059795683 242.58720946166858 11.548777228693844 23.215253764067004
-49 163 -57.416844257389855 250.00024162583478 12.04297937297159 23.709455908344747
-49 169 -56.21866921339327 257.08078375472189 12.515015514897398 0.18149205027055615
-49 175 -54.967161724632561 263.85096271656994 12.966360779020601 0.63283731439376112
-55 -179 -59.600397052222249 275.29059790416591 13.729003124860332 1.3954796602334909
-55 -173 -58.176187213756023 281.52560490440914 14.144670258209882 1.8111467935830383
-55 -167 -56.768889963989523 287.51073787567606 14.543679122961009 2.2101556583341662
-55 -161 -55.391267810891534 293.3004445358257 14.929659566970987 2.5961361023441434
-55 -155 -54.046546406063754 298.93297464720064 15.305161574395981 2.9716381097691382
-55 -149 -52.731784010190296 304.42892899949982 15.671558531215927 3.3380350665890859
-55 -143 -51.442056100616647 309.79567292732798 16.029341459737804 3.6958179951109642
-55 -137 -50.174034658379426 315.03357465356368 16.378534908153519 4.0450114435266755
-55 -131 -48.928331243021638 320.14003490026903 16.718965591267207 4.3854421266403669
-55 -125 -47.710759630672612 325.11032803041871 17.05031846661052 4.7167950019836766
-55 -119 -46.53303181382875 329.93698538056179 17.372095623286725 5.0385721586598819
-55 -113 -45.413263584385042 334.6099066474103 17.683623707743291 5.3501002431164508
-55 -107 -44.376255140925267 339.11829832902879 17.984183153184524 5.6506596885576847
-55 -101 -43.453138774651151 343.45423987712076 18.273245923057324 5.9397224584304809
-55 -95 -42.679870743212284 347.61687398132 18.550754863337271 6.2172313987104317
-55 -89 -42.094244272972581 351.6160435307682 18.817366166633818 6.483842702006978
-55 -83 -41.731525845450996 355.47449743910386 19.07459642718953 6.7410729625626864
-55 -77 -41.619298589963606 359.22826956932386 19.324847902537531 6.9913244379106878
-55 -71 -41.772459738483008 2.9252311699937676 19.571312009248857 7.2377885446220152
-55 -65 -42.189441047258924 6.6220143768113333 19.817764223036693 7.4842407584098529
-55 -59 -42.850562593825821 10.379551080406509 20.068266669943039 7.7347432053161977
-55 -53 -43.71903635442925 14.257486856199058 20.326795721662542 7.9932722570357004
-55 -47 -44.744612856753655 18.307826628881354 20.596818373174695 8.263294908547854
-55 -41 -45.869341822836148 22.568425860302884 20.880858321936131 8.5473348573092895
-55 -35 -47.034505058650005 27.057354267264675 21.180120215733584 8.8465967511067412
-55 -29 -48.187537618354114 31.769549831267355 21.494266586667095 9.1607431220402535
-55 -23 -49.287709707718292 36.67718242479733 21.82144209290243 9.4879186282755867
-55 -17 -50.30953354712144 41.73441452941745 22.158590899877101 9.8250674352502596
-55 -11 -51.243327115649151 46.885826449780886 22.502018361234665 10.168494896607823
-55 -5 -52.093071900342949 52.076293529239962 22.848049499865269 10.514526035238427
-55 1 -52.872449020123319 57.259486311930452 23.193595685377968 10.860072220751128
-55 7 -53.600424690714888 62.402950711313281 23.53649331200349 11.202969847376648
-55 13 -54.297745867151413 67.489552769395075 23.87560011587561 11.542076651248768
-55 19 -54.985180285205459 72.516852104765135 0.21075340490028036 11.877229940273439
-55 25 -55.683493572287894 77.496627169284963 0.5427384092016041 12.209214944574763
-55 31 -56.414316080090082 82.455894418920465 0.87335622584397088 12.539832761217129
-55 37 -57.200532654158053 87.438730733789157 1.2055453135018828 12.872021848875042
-55 43 -58.064868978441474 92.50626187715217 1.5433807230594161 13.209857258432574
-55 49 -59.026025786859158 97.732318979400787 1.8917845298759914 13.55826106524915
-55 55 -60.092866464927837 103.19560807906441 2.2560038031868999 13.922480338560058
-55 61 -61.258385941458293 108.97310505314985 2.6411702681259288 14.307646803499088
-55 67 -62.495922206585568 115.13863716882048 3.052205742503971 14.718682277877129
-55 73 -63.759814707389502 121.76472947721119 3.4939452297300182 15.160421765103175
-55 79 -64.99130240584185 128.92072406513986 3.9710115355919298 15.637488070965087
-55 85 -66.128322410844291 136.66095296682923 4.487026795704554 16.153503331077712
-55 91 -67.116041815286039 145.00339407503373 5.0431895362515204 16.709666071624678
-55 97 -67.91454286667593 153.90870615809345 5.6368770084555022 17.30335354382866
-55 103 -68.50147228846906 163.27488059356924 6.2612886374872216 17.927765172860383
-55 109 -68.869870658977945 172.95506165150394 6.9066340413495348 18.573110576722691
-55 115 -69.023324836455458 182.78854771552432 7.5621997789508937 19.228676314324051
-55 121 -68.970965723994198 192.62689646359695 8.2180896954890681 19.884566230862227
-55 127 -68.723812759442666 202.34715709713868 8.8661070710585168 20.532583606431675
-55 133 -68.292650852125206 211.85613653704721 9.5000390337190854 21.166515569092244
-55 139 -67.687046034471805 221.08932023603251 10.115584613651439 21.782061149024596
-55 145 -66.915381634690803 230.00334482082991 10.7098529193046 22.376329454677759
-55 151 -65.986194766407777 238.56376058708113 11.280547303721347 22.947023839094506
-55 157 -64.91084223106968 246.73704539381936 11.825432957503896 23.491909492877053
-55 163 -63.70660138805497 254.49457436378577 12.342601555501657 0.009078090874815814
-55 169 -62.398493834480391 261.82490073647568 12.831289980347652 0.49776651572080866
-55 175 -61.01828330609704 268.74315183155147 13.29250672001937 0.95898325539252838
-61 -179 -65.391739832057482 282.18094339544058 14.188359490945311 1.8548360263184698
-61 -173 -63.912312115563886 288.24836137459806 14.592854022889144 2.2593305582623024
-61 -167 -62.422483371126091 293.99524560834129 14.975979638472024 2.6424561738451828
-61 -161 -60.945510693166511 299.48575419215967 15.342013544059917 3.0084900794330771
-61 -155 -59.501207403454778 304.77560192768561 15.694670059761647 3.3611465951348052
-61 -149 -58.102927549794522 309.90538147248878 16.036655362748526 3.7031318981216828
-61 -143 -56.75721953894309 314.89796473508488 16.369494246921597 4.0359707822947577
-61 -137 -55.465818521048355 319.76032293249398 16.693651460082204 4.3601279954553611
-61 -131 -54.228886231205472 324.48880398220444 17.008883530062903 4.6753600654360596
-61 -125 -53.048306233851861 329.07554633175079 17.31466635336599 4.98114288873915
-61 -119 -51.930179996696474 333.51357462857942 17.610534906487899 5.2770114418610596
-61 -113 -50.886126249129546 337.79951060033221 17.89626397127142 5.5627405066445768
-61 -107 -49.933339546684344 341.93445540718739 18.171926958395098 5.8384034937682578
-61 -101 -49.093548690657627 345.92422932264412 18.437911886092213 6.104388421465373
-61 -95 -48.391081010475872 349.77978086069095 18.694948655295335 6.3614251906684949
-61 -89 -47.850267784850679 353.51789449245223 18.944156230746088 6.6106327661192452
-61 -83 -47.492474567188147 357.16185880693826 19.187087185045154 6.8535637204183146
-61 -77 -47.333113209799642 0.74162305392374972 19.425738134844188 7.0922146702173468
-61 -71 -47.37905647650873 4.2930680066311657 19.66250113169135 7.3289776670645077
-61 -65 -47.626885883486011 7.8562166972710665 19.900044377734009 7.5665209131071682
-61 -59 -48.062327596106897 11.472425306672541 20.14112495169411 7.8076014870672656
-61 -53 -48.661067837193805 15.180787376447187 20.388349089679085 8.0548256250522421
-61 -47 -49.390915824136158 19.01415480447092 20.643906918214 8.3103834535871588
-61 -41 -50.215044134149188 22.995336278036419 20.9093190164517 8.5757955518248572
-61 -35 -51.095831904858713 27.134157413278089 21.185240425467811 8.8517169608409709
-61 -29 -51.998708020357654 31.426079053198805 21.471368534795857 9.1378450701690177
-61 -23 -52.895376050947526 35.852868147303973 21.766487807736205 9.4329643431093633
-61 -17 -53.765928058472419 40.38537132856878 22.068654686487193 9.7351312218603496
-61 -11 -54.59962081830087 44.98789249928442 22.375489431201565 10.041965966574725
-61 -5 -55.39443947555845 49.623297373867693 22.684516422840453 10.350992958213611
-61 1 -56.155888719985313 54.257993121577783 22.993496139354459 10.659972674727616
-61 7 -56.895583133640173 58.866334465451047 23.300718895612675 10.967195430985834
-61 13 -57.630063906003137 63.434431180653078 23.605258676626143 11.271735211999301
-61 19 -58.379884284869377 67.963280910955049 23.907181991979609 11.573658527352768
-61 25 -59.168560399068042 72.47046610149161 0.20766100468204626 11.874137540055205
-61 31 -60.020737405505706 76.989025898287565 0.5088983244684433 12.175374859841602
-61 37 -60.959088795549775 81.562883759531886 0.81382218188473032 12.480298717257888
-61 43 -62.000081438221002 86.24077411894099 1.1256815391786708 12.792158074551828
-61 49 -63.149568117190221 91.072947166994211 1.4478264090488855 13.114302944422043
-61 55 -64.399764901428114 96.11430925862409 1.783917215157544 13.450393750530703
-61 61 -65.729073969879266 101.43405642371781 2.1385670261637926 13.805043561536952
-61 67 -67.105243148572356 107.12755421166744 2.5181335453604352 14.184610080733593
-61 73 -68.490821921697616 113.32245191445553 2.9311267255463083 14.597603260919467
-61 79 -69.848548302179367 120.16886028123544 3.3875539499983005 15.054030485371459
-61 85 -71.144061578539564 127.80843841386773 3.8968591588404546 15.563335694213613
-61 91 -72.344629714654559 136.33471624662246 4.4652776810241033 16.131754216397262
-61 97 -73.41497813605001 145.77182440695753 5.0944182250464412 16.7608947604196
-61 103 -74.313521258334845 156.08123044496449 5.7817119609135714 17.448188496286729
-61 109 -74.992826155065202 167.16928926789507 6.520915882442277 18.187392417815435
-61 115 -75.406258396300629 178.86869226007383 7.3008760819208609 18.967352617294019
-61 121 -75.519225842336581 190.91092531894958 8.1036916191792443 19.770168154552401
-61 127 -75.32024126115769 202.93776224697251 8.9054807477141065 20.571957283087265
-61 133 -74.826232149412803 214.57503169771917 9.6812987110972166 21.347775246470373
-61 139 -74.078880930744589 225.53226021297411 10.411780612114212 22.078257147487371
-61 145 -73.133098656897161 235.66492025614025 11.087291281658622 22.753767817031779
-61 151 -72.042577781168873 244.96993646732267 11.70762569573745 23.374102231110609
-61 157 -70.848559606927012 253.53227670884112 12.278448378505347 23.944924913878502
-61 163 -69.57593283506931 261.45965232394053 12.80694008617864 0.47341662155179876
-61 169 -68.236879606143759 268.83894358749274 13.298892837082121 0.9653693724552781
-61 175 -66.838778480509902 275.72957401132879 13.758268198671193 1.4247447340443493
-67 -179 -70.45002317992568 292.70367526001968 14.889874948583918 2.5563514839570765
-67 -173 -69.003402354475455 298.1421732980462 15.252441484452353 2.9189180198255116
-67 -167 -67.566843172544409 303.27612383551957 15.594704853617243 3.2611813889904013
-67 -161 -66.138259474402787 308.15213503588075 15.919772266974656 3.5862488023478143
-67 -155 -64.724000460570352 312.81709436675652 16.230769555699705 3.8972460910728657
-67 -149 -63.336219477552461 317.31324508421579 16.530512936863659 4.1969894722368153
-67 -143 -61.989346355053954 321.67306354420157 16.82116750086271 4.4876440362358672
-67 -137 -60.69725004200783 325.91706196597443 17.1041007289809 4.7705772643540598
-67 -131 -59.471835722058735 330.05455976459297 17.379933915555469 5.0464104509286294
-67 -125 -58.323037463899787 334.08659908774399 17.648736537098873 5.3152130724720301
-67 -119 -57.259691068317736 338.01000866218999 17.910297175395272 5.5767737107684283
-67 -113 -56.290639899028186 341.82154051931633 18.164399299203694 5.830875834576851
-67 -107 -55.42554255159974 345.52113654485214 18.411039034239415 6.0775155696125722
-67 -101 -54.675079607317137 349.11382547118791 18.650551629328465 6.3170281647016253
-67 -95 -54.050489091192055 352.61029877094546 18.883649849312302 6.5501263846854627
-67 -89 -53.562539009036385 356.02656126469975 19.111400682229256 6.7778772176024127
-67 -83 -53.220155620184748 359.38308459447728 19.335168904214424 7.001645439587584
-67 -77 -53.02897565431698 2.7037221574807337 19.556544741747988 7.2230212771211466
-67 -71 -52.990092554097124 6.0144540114987919 19.777260198682526 7.4437367340556841
-67 -65 -53.099231163559722 9.3419304209955172 19.999091959315638 7.6655684946887979
-67 -59 -53.346519174517837 12.711788240600592 20.223749147289311 7.8902256826624697
-67 -53 -53.716934592235688 16.146787791373931 20.452749117340868 8.1192256527140252
-67 -47 -54.191407221916528 19.664914038701156 20.687290867162684 8.3537674025358406
-67 -41 -54.748452907889394 23.277671162994348 20.928141342115563 8.5946178774887212
-67 -35 -55.366137768388185 26.988851305372506 21.175553351607441 8.8420298869805993
-67 -29 -56.024120667268448 30.794059085923365 21.429233870310831 9.0957104056839899
-67 -23 -56.705516122839533 34.681212927226547 21.688377459731043 9.3548539951042002
-67 -17 -57.398358777239466 38.632124928939703 21.951771593178584 9.6182481285517447
-67 -11 -58.096523374466692 42.62509775542221 22.217969781610755 9.8844463169839116
-67 -5 -58.800035860534273 46.638281484193548 22.485515363528844 10.151991898902001
-67 1 -59.514770833039179 50.653304616467359 22.753183572347094 10.419660107720254
-67 7 -60.25154954550429 54.658451221793946 23.020193346035533 10.686669881408694
-67 13 -61.024644242210947 58.65051886399894 23.2863311888492 10.95280772422236
-67 19 -61.849708770595505 62.634695553989395 23.551942968181898 11.218419503555056
-67 25 -62.74125631963318 66.622509485498028 23.817797230282473 11.484273765655633
-67 31 -63.7100225386245 70.628940739237976 0.084892647198470658 11.751369182571629
-67 37 -64.760829962884372 74.670584128192942 0.35433553979546939 12.020812075168628
-67 43 -65.891748004839926 78.766878621110934 0.62742183932333551 12.293898374696493
-67 49 -67.095209156347977 82.945904214143042 0.90602354552547504 12.572500080898633
-67 55 -68.361151925029816 87.255098184376976 1.1933031435410706 12.859779678914229
-67 61 -69.681282594237572 91.774573563685365 1.494601502161629 13.161078037534788
-67 67 -71.052540532415037 96.625693749032592 1.8180095145181119 13.48448604989127
-67 73 -72.477388454865888 101.96427093762925 2.1739146604245549 13.840391195797713
-67 79 -73.959158619238167 107.95763455357772 2.5734722348211201 14.239948770194278
-67 85 -75.492504789174134 114.76819139079137 3.0275093573020304 14.693985892675189
-67 91 -77.051533349736715 122.57173828201229 3.5477458167167581 15.214222352089916
-67 97 -78.580323245125243 131.60639309513974 4.1500561375919212 15.81653267296508
-67 103 -79.991048490705239 142.21127725778351 4.8570484151015059 16.523524950474663
-67 109 -81.173060125368579 154.79283181622282 5.6958187189974598 17.362295254370618
-67 115 -82.012407977499748 169.62553196050817 6.6846653952831501 18.351141930656308
-67 121 -82.416858743991625 186.42619905881921 7.8047098685038865 19.471186403877041
-67 127 -82.338512964736012 204.00150041697938 8.976396625714564 20.642873161087724
-67 133 -81.786201093428545 220.66333661231039 10.087185705403298 21.753662240776457
-67 139 -80.823174937005945 235.2359970969261 11.058696404377679 22.725172939750838
-67 145 -79.55087405464667 247.46730013289852 11.874116606775839 23.540593142149
-67 151 -78.08446034326083 257.67924508458088 12.554912936887998 0.22138947226115491
-67 157 -76.528288106707933 266.34956649117794 13.132934363994469 0.79941089936762566
-67 163 -74.958629506184096 273.91026881175816 13.636981185366484 1.3034577207396403
-67 169 -73.417482350113218 280.69017681680407 14.088975052369543 1.7554515877427015
-67 175 -71.91691305330815 286.91082727149649 14.503685082682372 2.1701616180555305
-73 -179 -74.588888956563039 308.94802210983698 15.972831405238404 3.6393079406115625
-73 -173 -73.141942147672751 312.77526512507706 16.227980939587741 3.8944574749609018
-73 -167 -71.769731628407527 316.52554624791026 16.477999681109956 4.1444762164831133
-73 -161 -70.456909064705329 320.19358079394243 16.722535317512101 4.3890118528852575
-73 -155 -69.190894114771581 323.77577781955608 16.961348452553011 4.6278249879261679
-73 -149 -67.964824483424138 327.27567865258334 17.194675174754828 4.861151710127988
-73 -143 -66.778125127330497 330.7025204373561 17.423131293739679 5.0896078291128362
-73 -137 -65.635501324583487 334.0670500680165 17.647433269117037 5.3139098044901978
-73 -131 -64.545226440470088 337.37808720816224 17.868169078460088 5.5346456138332449
-73 -125 -63.517403551935452 340.64106403917458 18.085700867194245 5.7521774025674013
-73 -119 -62.562584694893651 343.85826601214882 18.30018099872586 5.9666575340990171
-73 -113 -61.690857632595709 347.03006414983469 18.511634207904919 6.1781107432780757
-73 -107 -60.911326327562008 350.15650309410967 18.720063470856584 6.3865400062297404
-73 -101 -60.231831980354436 353.23878839090753 18.925549157309774 6.592025692682931
-73 -95 -59.658765262427323 356.28038142261505 19.128322026090277 6.7947985614634341
-73 -89 -59.196871965716397 359.28755561532898 19.328800305604538 6.9952768409776951
-73 -83 -58.849020466406799 2.2693938299363134 19.527589519911693 7.1940660552848517
-73 -77 -58.615956716817841 5.2373013718551498 19.725450022706283 7.3919265580794411
-73 -71 -58.496108618758036 8.2041615111299198 19.923240698657935 7.5897172340310926
-73 -65 -58.485513212466124 11.183274960781178 20.121848261968019 7.7883247973411756
-73 -59 -58.577929583882991 14.187217072484065 20.322111069414877 7.9885876047880346
-73 -53 -58.765173366693858 17.226733184856531 20.524745476906375 8.1912220122795318
-73 -47 -59.037672138882975 20.309782961267139 20.730282128667081 8.3967586640402399
-73 -41 -59.385201976757763 23.440838578992874 20.939019169848798 8.6054957052219549
-73 -35 -59.797730397618324 26.620531814914639 21.150998718910248 8.8174752542834067
-73 -29 -60.266265205452683 29.845720451619144 21.366011294690548 9.0324878300637064
-73 -23 -60.783596155573584 33.109995252183161 21.583629614728149 9.250106150101308
-73 -17 -61.344819048298973 36.404572240281439 21.803268080601367 9.4697446159745251
-73 -11 -61.947550647927372 39.71942154503828 22.024258034251822 9.6907345696249827
-73 -5 -62.591777828702782 43.044400691958025 22.245923310713142 9.9123998460862985
-73 1 -63.279335821590593 46.370126295934988 22.467638350978273 10.13411488635143
-73 7 -64.013078576253832 49.688369503654805 22.688854564826258 10.355331100199416
-73 13 -64.795886717140718 52.991908229886022 22.90909047990834 10.575567015281498
-73 19 -65.62974513975513 56.273989564565298 23.127895902220292 10.794372437593449
-73 25 -66.515188637373598 59.527806744878987 23.344817047574541 11.011293582947697
-73 31 -67.451419497931781 62.746644144804357 23.559406207569562 11.225882742942721
-73 37 -68.437297304930738 65.925547714923823 23.771333112244193 11.437809647617351
-73 43 -69.473154434070906 69.06534648187295 23.980653030040802 11.647129565413961
-73 49 -70.563014567959982 72.179046371800652 0.18823302270265002 11.854709558075808
-73 55 -71.716375261548663 75.29839175532625 0.39618938160435468 12.062665916977513
-73 61 -72.948426368142577 78.475533868222286 0.60799885579742374 12.274475391170581
-73 67 -74.27761680117753 81.77533007061507 0.82798526929027694 12.494461804663436
-73 73 -75.720004024676896 85.26159419965478 1.0604028778929242 12.726879413266083
-73 79 -77.280819408638322 88.989812249194728 1.3089507478622542 12.975427283235412
-73 85 -78.944928361549188 93.017845844704581 1.5774863208962453 13.243962856269404
-73 91 -80.66892188518149 97.437971522287953 1.8721613660684702 13.538637901441628
-73 97 -82.377940221286082 102.43672573665491 2.205411647026267 13.871888182399426
-73 103 -83.969640689882425 108.42290889502266 2.604490524250783 14.27096705962394
-73 109 -85.325978811833536 116.38655533051015 3.1354002866166146 14.801876821989772
-73 115 -86.331119907654383 129.20799876589658 3.9901631823090442 15.656639717682202
-73 121 -86.891624578672591 157.42096999038435 5.8710279306082294 17.537504465981389
-73 127 -86.953895267058556 217.19129891724083 9.8557165257319941 21.522193061105153
-73 133 -86.514266152425108 255.74936087985122 12.426253989906021 0.092730525279179687
-73 139 -85.619033424075511 271.66521499795283 13.487310931112795 1.1537874664859515
-73 145 -84.354536252928867 280.64647218009702 14.086061409922406 1.7525379452955647
-73 151 -82.830137413428261 287.03298672210951 14.511829046056572 2.1783055814297327
-73 157 -81.158687314176206 292.22273978556092 14.857812583619999 2.5242891189931598
-73 163 -79.439271092270843 296.78912833343543 15.162238486811635 2.8287150221847916
-73 169 -77.745810234272838 301.01109934197564 15.443703220714315 3.1101797560874722
-73 175 -76.122997625331536 305.03784915297507 15.712153208114277 3.3786297434874335
-79 -179 -77.021541853264083 333.42308166958554 17.604502042554977 5.2709785779281333
-79 -173 -75.841423055507704 334.50100645965563 17.676363695226314 5.3428402305994709
-79 -167 -74.712814797078394 335.88893492920437 17.768892259862898 5.4353687952360552
-79 -161 -73.638852264760018 337.51023153499494 17.876978700248934 5.5434552356220941
-79 -155 -72.618661159144565 339.30585092339089 17.996686659475333 5.6631631948484902
-79 -149 -71.649713922178421 341.23085941198377 18.125020558714859 5.7914970940880153
-79 -143 -70.729603821954299 343.25208701626298 18.259769065666806 5.9262456010399625
-79 -137 -69.857138093968672 345.34587691952265 18.399355059217449 6.0658315945906089
-79 -131 -69.032803466128783 347.49571796954433 18.54267779588556 6.2091543312587198
-79 -125 -68.258747102967575 349.69002711313846 18.688965072125168 6.355441607498328
-79 -119 -67.538445938744388 351.92039807392086 18.837656469510662 6.5041330048838226
-79 -113 -66.87622334431272 354.18044510358442 18.988326271488233 6.6548028068613903
-79 -107 -66.276734259984195 356.46517590907735 19.140641658521094 6.8071181938942544
-79 -101 -65.744496122758903 358.77072901418757 19.294345198861777 6.9608217342349334
-79 -95 -65.283505028293888 1.0943008546760251 19.449249988227674 7.1157265236008316
-79 -89 -64.896950035033058 3.4341241163788387 19.605238205674528 7.2717147410476866
-79 -83 -64.587023638401774 5.7894074350353444 19.762257093584964 7.4287336289581196
-79 -77 -64.354820459666854 8.1601911819480648 19.920309343379142 7.586785878752301
-79 -71 -64.200315274305666 10.547109398854252 20.079437224506222 7.7459137598793806
-79 -65 -64.122412163213809 12.951073318810479 20.239701485836637 7.9061780212097954
-79 -59 -64.119056434223836 15.372907863078007 20.401157122121141 8.0676336574942979
-79 -53 -64.187398989345084 17.812979822445438 20.563828586078969 8.2303051214521261
-79 -47 -64.323999152825351 20.270856026098844 20.727686999655862 8.3941635350290191
-79 -41 -64.52504764148965 22.745022769322176 20.892631449204085 8.5591079845772438
-79 -35 -64.786587853918249 25.232685487420174 21.058475630410619 8.7249521657837743
-79 -29 -65.104712598817557 27.729651944157261 21.224940060859758 8.891416596232915
-79 -23 -65.475716173181695 30.230285531564103 21.39164896668688 9.0581255020600384
-79 -17 -65.896189193280151 32.727500950250423 21.558129994599302 9.2246065299724584
-79 -11 -66.363055770095158 35.212766569148279 21.723814369192489 9.3902909045656493
-79 -5 -66.873568313587839 37.67608048008092 21.888035296588001 9.5545118319611575
-79 1 -67.425291778833156 40.105904660400412 22.050023575275969 9.7165001106491253
-79 7 -68.016122247475309 42.489076401957902 22.208901691379801 9.8753782267529573
-79 13 -68.644388695989051 44.810767358999051 22.363681088515875 10.030157623889034
-79 19 -69.309075452947283 47.054618025177703 22.513271132927787 10.179747668300944
-79 25 -70.010171271249916 49.203208116656775 22.656510472359724 10.322987007732882
-79 31 -70.749098142095278 51.238965910540649 22.79222765861865 10.458704193991808
-79 37 -71.529104897335174 53.145381288035161 22.919322017118283 10.585798552491442
-79 43 -72.355442355481543 54.907930286629416 23.036825283691233 10.703301819064391
-79 49 -73.235092161576262 56.513617787668601 23.143871117093845 10.810347652467005
-79 55 -74.175828943996095 57.94795708501583 23.239493736916994 10.905970272290153
-79 61 -75.184479018059861 59.188925449359928 23.322224961206601 10.988701496579759
-79 67 -76.26440656456063 60.198614372812891 23.389537556103466 11.056014091476623
-79 73 -77.412491068011136 60.913773566388137 23.437214835675146 11.103691371048306
-79 79 -78.616107578184639 61.235398453932206 23.458656494844753 11.12513303021791
-79 85 -79.850809295037934 61.015434208732458 23.443992211831436 11.110468747204596
-79 91 -81.079460220195955 60.036868836462624 23.378754520346781 11.045231055719938
-79 97 -82.253417406410634 57.983372404086772 23.241854758188389 10.908331293561549
-79 103 -83.316011578817537 54.399901386172864 23.002956690327462 10.669433225700622
-79 109 -84.208081257924093 48.670415217565363 22.620990945753629 10.287467481126788
-79 115 -84.874797504442455 40.119437361999594 22.050925755382579 9.7174022907557358
-79 121 -85.272620631962965 28.483298350766066 21.275183154633677 8.9416596900068352
-79 127 -85.375084871889996 14.790243590015539 20.362312837250307 8.028789372623466
-79 133 -85.176275856271005 1.469394319231035 19.474256219198008 7.1407327545711654
-79 139 -84.691321294941446 350.66679983563591 18.754083253625002 6.4205597889981583
-79 145 -83.953842226534618 342.97402918472335 18.241231876897494 5.9077084122706545
-79 151 -83.01094320899027 337.9399798985624 17.905628591153434 5.5721051265265906
-79 157 -81.916788771463715 334.88773026988292 17.702145282574801 5.3686218179479575
-79 163 -80.726008269841728 333.25385785505944 17.593220454919901 5.2596969902930581
-79 169 -79.488065496277784 332.63553604333106 17.551999000804678 5.2184755361778343
-79 175 -78.243382919734273 332.75581052247389 17.560017299414199 5.2264938347873553
-85 -179 -76.502009227913646 1.3653502018504828 19.46731994470597 7.1337964800791296
-85 -173 -75.981226238091764 0.81378066944944794 19.430548642545901 7.0970251779190603
-85 -167 -75.454474818763615 0.51064167249483194 19.410339376082263 7.0768159114554186
-85 -161 -74.928980051628443 0.43310544141099289 19.405170294010006 7.0716468293831634
-85 -155 -74.410852466983116 0.55820610318939512 19.413510338128567 7.0799868735017233
-85 -149 -73.905192041340584 0.86385127274481832 19.433886682765593 7.1003632181387522
-85 -143 -73.416239599756182 1.3294466697089216 19.464926375896532 7.1314029112696913
-85 -137 -72.947544405304413 1.9362238810132915 19.505378189983492 7.17185472535665
-85 -131 -72.502123166435211 2.6673488665092724 19.554119855683226 7.2205963910563815
-85 -125 -72.082593766929833 3.507877157249506 19.610155075065904 7.2766316104390647
-85 -119 -71.691275094507716 4.4446112130883284 19.672604012121827 7.3390805474949854
-85 -113 -71.330251249675854 5.4659048129343661 19.740690252111563 7.407166787484722
-85 -107 -71.001403524746223 6.5614480532598645 19.813726468133261 7.4802030035064213
-85 -101 -70.706416696994069 7.7220551531855142 19.891100274794972 7.5575768101681309
-85 -95 -70.446767567915444 8.939467084612275 19.972261070223425 7.6387376055965825
-85 -89 -70.223703686052062 10.206173181107747 20.056708143323121 7.7231846786962803
-85 -83 -70.038219260801228 11.515250805694757 20.143979984962257 7.810456520335415
-85 -77 -69.891033825169941 12.860219676767951 20.233644576367134 7.9001211117402939
-85 -71 -69.782577570922257 14.234906933790104 20.325290393501945 7.9917669288751041
-85 -65 -69.712985697210883 15.633319708850669 20.418517911839317 8.0849944472124751
-85 -59 -69.682102731942251 17.049523181877749 20.512931476707791 8.1794080120809465
-85 -53 -69.689496682412383 18.477523354388477 20.608131488208503 8.2746080235816617
-85 -47 -69.734482076539095 19.911154809246867 20.703706918532397 8.3701834539055557
-85 -41 -69.816150460564415 21.343974444351407 20.799228227539366 8.4657047629125248
-85 -35 -69.933406686085434 22.769162620218623 20.894240772597179 8.5607173079703394
-85 -29 -70.085009282658532 24.179433460900452 20.988258828642635 8.654735364015794
-85 -23 -70.269613276046442 25.566956317466765 21.080760352413723 8.7472368877868796
-85 -17 -70.485813852863018 26.923290701804898 21.171182644702931 8.8376591800760895
-85 -11 -70.73218914917139 28.239337244998506 21.258919080915838 8.9253956162889985
-85 -5 -71.007340018680836 29.505307147571752 21.343317074420725 9.0097936097938813
-85 1 -71.30992382289935 30.710711674538842 21.423677376218528 9.0901539115916883
-85 7 -71.638678077143538 31.844370900244343 21.499254657932227 9.1657311933053869
-85 13 -71.992428316265475 32.894436688995562 21.569259043848977 9.2357355792221352
-85 19 -72.370073119323223 33.84841902532348 21.63285786627084 9.2993344016439963
-85 25 -72.770538338659904 34.693198730429849 21.689176513277928 9.3556530486510869
-85 31 -73.192692835095727 35.415006321203379 21.737297019329496 9.4037735547026564
-85 37 -73.635220072202827 35.999350414329129 21.776253292204547 9.4427298275777041
-85 43 -74.096444270384509 36.430893405782662 21.805022824968116 9.4714993603412747
-85 49 -74.574116614896681 36.693298344719778 21.822516487563924 9.4889930229370822
-85 55 -75.065175846763722 36.769105933935094 21.827570326844945 9.494046862218104
-85 61 -75.565507356766645 36.639737533362805 21.818945766806792 9.4854223021799502
-85 67 -76.069733902195381 36.285750680043314 21.795346643252159 9.461823178625318
-85 73 -76.571077076572394 35.687491090538423 21.755462670618499 9.4219392059916593
-85 79 -77.061329454826279 34.826283865631424 21.698048855624698 9.3645253909978585
-85 85 -77.530971211148596 33.686278665385458 21.622048508941635 9.2885250443147935
-85 91 -77.96945137665152 32.256993371030894 21.526762822651332 9.1932393580244902
-85 97 -78.365633726782761 30.536464886537757 21.412060923685125 9.0785374590582819
-85 103 -78.708383185259706 28.534695620586405 21.278609639288366 8.9450861746615242
-85 109 -78.987244582152798 26.276794944149991 21.128082927525938 8.7945594628990964
-85 115 -79.193146225694633 23.804942381658481 20.963292756693171 8.629769292066328
-85 121 -79.319050288448224 21.178211938033872 20.788177393784864 8.4546539291580221
-85 127 -79.360473302471547 18.469582951403051 20.607602128009475 8.2740786633826335
-85 133 -79.315813729000837 15.760178862211422 20.426975188730033 8.0934517241031916
-85 139 -79.1864477283778 13.131703089075678 20.251743470520985 7.9182200058941419
-85 145 -78.976584816617049 10.658729763962555 20.086878582180109 7.7533551175532676
-85 151 -78.692906631865526 8.4025593920875377 19.936467224055107 7.6029437594282667
-85 157 -78.344038988561806 6.4077346244662552 19.803478906213691 7.4699554415868477
-85 163 -77.939925295272374 4.7013903719437007 19.689722622712186 7.3561991580853441
-85 169 -77.491175780849545 3.2948508431818984 19.595953320794735 7.2624298561678904
-85 175 -77.008461733452222 2.1865434091696594 19.522066158527252 7.1885426939004073
